Job Situation ID,Job Situation,Municipality ID,Municipality,Number of Records
1,Has a Job or a Business,1001,Aguascalientes,302
1,Has a Job or a Business,1002,Asientos,10
1,Has a Job or a Business,1003,Calvillo,6
1,Has a Job or a Business,1004,Cosío,3
1,Has a Job or a Business,1005,Jesús María,43
1,Has a Job or a Business,1006,Pabellón de Arteaga,36
1,Has a Job or a Business,1007,Rincón de Romos,41
1,Has a Job or a Business,1009,Tepezalá,10
1,Has a Job or a Business,1010,El Llano,1
1,Has a Job or a Business,1011,San Francisco de los Romo,18
1,Has a Job or a Business,2001,Ensenada,76
1,Has a Job or a Business,2002,Mexicali,421
1,Has a Job or a Business,2003,Tecate,25
1,Has a Job or a Business,2004,Tijuana,572
1,Has a Job or a Business,2005,Playas de Rosarito,20
1,Has a Job or a Business,3001,Comondú,57
1,Has a Job or a Business,3002,Mulegé,82
1,Has a Job or a Business,3003,La Paz,1012
1,Has a Job or a Business,3008,Los Cabos,337
1,Has a Job or a Business,3009,Loreto,8
1,Has a Job or a Business,4001,Calkiní,60
1,Has a Job or a Business,4002,Campeche,693
1,Has a Job or a Business,4003,Carmen,714
1,Has a Job or a Business,4004,Champotón,101
1,Has a Job or a Business,4005,Hecelchakán,15
1,Has a Job or a Business,4006,Hopelchén,13
1,Has a Job or a Business,4007,Palizada,3
1,Has a Job or a Business,4009,Escárcega,25
1,Has a Job or a Business,4010,Calakmul,5
1,Has a Job or a Business,4011,Candelaria,11
1,Has a Job or a Business,5002,Acuña,10
1,Has a Job or a Business,5004,Arteaga,7
1,Has a Job or a Business,5006,Castaños,1
1,Has a Job or a Business,5007,Cuatro Ciénegas,2
1,Has a Job or a Business,5009,Francisco I. Madero,11
1,Has a Job or a Business,5010,Frontera,7
1,Has a Job or a Business,5011,General Cepeda,2
1,Has a Job or a Business,5017,Matamoros,59
1,Has a Job or a Business,5018,Monclova,24
1,Has a Job or a Business,5020,Múzquiz,22
1,Has a Job or a Business,5022,Nava,2
1,Has a Job or a Business,5024,Parras,6
1,Has a Job or a Business,5025,Piedras Negras,17
1,Has a Job or a Business,5027,Ramos Arizpe,14
1,Has a Job or a Business,5028,Sabinas,7
1,Has a Job or a Business,5030,Saltillo,349
1,Has a Job or a Business,5031,San Buenaventura,4
1,Has a Job or a Business,5033,San Pedro,12
1,Has a Job or a Business,5035,Torreón,316
1,Has a Job or a Business,5036,Viesca,24
1,Has a Job or a Business,6001,Armería,37
1,Has a Job or a Business,6002,Colima,427
1,Has a Job or a Business,6003,Comala,54
1,Has a Job or a Business,6004,Coquimatlán,13
1,Has a Job or a Business,6005,Cuauhtémoc,49
1,Has a Job or a Business,6007,Manzanillo,224
1,Has a Job or a Business,6008,Minatitlán,14
1,Has a Job or a Business,6009,Tecomán,100
1,Has a Job or a Business,6010,Villa de Álvarez,331
1,Has a Job or a Business,7002,Acala,2
1,Has a Job or a Business,7003,Acapetahua,7
1,Has a Job or a Business,7006,Amatenango de la Frontera,4
1,Has a Job or a Business,7009,Arriaga,10
1,Has a Job or a Business,7012,Berriozábal,4
1,Has a Job or a Business,7015,Cacahoatán,1
1,Has a Job or a Business,7017,Cintalapa,3
1,Has a Job or a Business,7018,Coapilla,2
1,Has a Job or a Business,7019,Comitán de Domínguez,25
1,Has a Job or a Business,7020,La Concordia,2
1,Has a Job or a Business,7027,Chiapa de Corzo,71
1,Has a Job or a Business,7031,Chilón,4
1,Has a Job or a Business,7034,Frontera Comalapa,3
1,Has a Job or a Business,7036,La Grandeza,1
1,Has a Job or a Business,7037,Huehuetán,11
1,Has a Job or a Business,7040,Huixtla,13
1,Has a Job or a Business,7041,La Independencia,2
1,Has a Job or a Business,7045,Ixtapangajoya,4
1,Has a Job or a Business,7051,Mapastepec,5
1,Has a Job or a Business,7052,Las Margaritas,22
1,Has a Job or a Business,7054,Mazatán,4
1,Has a Job or a Business,7055,Metapa,2
1,Has a Job or a Business,7056,Mitontic,3
1,Has a Job or a Business,7057,Motozintla,4
1,Has a Job or a Business,7059,Ocosingo,10
1,Has a Job or a Business,7063,Osumacinta,2
1,Has a Job or a Business,7065,Palenque,18
1,Has a Job or a Business,7068,Pichucalco,20
1,Has a Job or a Business,7069,Pijijiapan,1
1,Has a Job or a Business,7070,El Porvenir,3
1,Has a Job or a Business,7071,Villa Comaltitlán,2
1,Has a Job or a Business,7072,Pueblo Nuevo Solistahuacán,2
1,Has a Job or a Business,7076,Sabanilla,2
1,Has a Job or a Business,7078,San Cristóbal de las Casas,63
1,Has a Job or a Business,7080,Siltepec,4
1,Has a Job or a Business,7086,Suchiapa,1
1,Has a Job or a Business,7087,Suchiate,4
1,Has a Job or a Business,7089,Tapachula,632
1,Has a Job or a Business,7092,Tecpatán,1
1,Has a Job or a Business,7096,Tila,2
1,Has a Job or a Business,7097,Tonalá,28
1,Has a Job or a Business,7099,La Trinitaria,1
1,Has a Job or a Business,7101,Tuxtla Gutiérrez,711
1,Has a Job or a Business,7102,Tuxtla Chico,8
1,Has a Job or a Business,7103,Tuzantán,5
1,Has a Job or a Business,7105,Unión Juárez,14
1,Has a Job or a Business,7106,Venustiano Carranza,6
1,Has a Job or a Business,7107,Villa Corzo,14
1,Has a Job or a Business,7108,Villaflores,6
1,Has a Job or a Business,7109,Yajalón,1
1,Has a Job or a Business,7113,Aldama,3
1,Has a Job or a Business,7114,Benemérito de las Américas,9
1,Has a Job or a Business,7115,Maravilla Tenejapa,1
1,Has a Job or a Business,7117,Montecristo de Guerrero,1
1,Has a Job or a Business,8001,Ahumada,5
1,Has a Job or a Business,8004,Aquiles Serdán,7
1,Has a Job or a Business,8005,Ascensión,10
1,Has a Job or a Business,8011,Camargo,3
1,Has a Job or a Business,8013,Casas Grandes,1
1,Has a Job or a Business,8014,Coronado,1
1,Has a Job or a Business,8017,Cuauhtémoc,12
1,Has a Job or a Business,8019,Chihuahua,640
1,Has a Job or a Business,8020,Chínipas,1
1,Has a Job or a Business,8021,Delicias,9
1,Has a Job or a Business,8027,Guachochi,10
1,Has a Job or a Business,8031,Guerrero,1
1,Has a Job or a Business,8032,Hidalgo del Parral,17
1,Has a Job or a Business,8033,Huejotitán,3
1,Has a Job or a Business,8036,Jiménez,7
1,Has a Job or a Business,8037,Juárez,528
1,Has a Job or a Business,8039,López,1
1,Has a Job or a Business,8042,Manuel Benavides,3
1,Has a Job or a Business,8045,Meoqui,3
1,Has a Job or a Business,8050,Nuevo Casas Grandes,11
1,Has a Job or a Business,8053,Praxedis G. Guerrero,1
1,Has a Job or a Business,8055,Rosales,2
1,Has a Job or a Business,8060,Santa Bárbara,9
1,Has a Job or a Business,8062,Saucillo,10
1,Has a Job or a Business,9002,Azcapotzalco,54
1,Has a Job or a Business,9003,Coyoacán,138
1,Has a Job or a Business,9004,Cuajimalpa de Morelos,52
1,Has a Job or a Business,9005,Gustavo A. Madero,163
1,Has a Job or a Business,9006,Iztacalco,66
1,Has a Job or a Business,9007,Iztapalapa,221
1,Has a Job or a Business,9008,La Magdalena Contreras,78
1,Has a Job or a Business,9009,Milpa Alta,21
1,Has a Job or a Business,9010,Álvaro Obregón,151
1,Has a Job or a Business,9011,Tláhuac,80
1,Has a Job or a Business,9012,Tlalpan,170
1,Has a Job or a Business,9013,Xochimilco,118
1,Has a Job or a Business,9014,Benito Juárez,60
1,Has a Job or a Business,9015,Cuauhtémoc,94
1,Has a Job or a Business,9016,Miguel Hidalgo,32
1,Has a Job or a Business,9017,Venustiano Carranza,60
1,Has a Job or a Business,10001,Canatlán,19
1,Has a Job or a Business,10003,Coneto de Comonfort,5
1,Has a Job or a Business,10004,Cuencamé,7
1,Has a Job or a Business,10005,Durango,573
1,Has a Job or a Business,10007,Gómez Palacio,137
1,Has a Job or a Business,10008,Guadalupe Victoria,7
1,Has a Job or a Business,10012,Lerdo,54
1,Has a Job or a Business,10013,Mapimí,3
1,Has a Job or a Business,10016,Nombre de Dios,10
1,Has a Job or a Business,10020,Pánuco de Coronado,18
1,Has a Job or a Business,10021,Peñón Blanco,3
1,Has a Job or a Business,10022,Poanas,6
1,Has a Job or a Business,10023,Pueblo Nuevo,15
1,Has a Job or a Business,10024,Rodeo,1
1,Has a Job or a Business,10026,San Dimas,5
1,Has a Job or a Business,10027,San Juan de Guadalupe,5
1,Has a Job or a Business,10028,San Juan del Río,1
1,Has a Job or a Business,10032,Santiago Papasquiaro,12
1,Has a Job or a Business,10036,Tlahualilo,3
1,Has a Job or a Business,10038,Vicente Guerrero,2
1,Has a Job or a Business,10039,Nuevo Ideal,5
1,Has a Job or a Business,11001,Abasolo,2
1,Has a Job or a Business,11002,Acámbaro,41
1,Has a Job or a Business,11003,San Miguel de Allende,28
1,Has a Job or a Business,11004,Apaseo el Alto,10
1,Has a Job or a Business,11005,Apaseo el Grande,10
1,Has a Job or a Business,11007,Celaya,61
1,Has a Job or a Business,11008,Manuel Doblado,4
1,Has a Job or a Business,11011,Cortazar,10
1,Has a Job or a Business,11013,Doctor Mora,1
1,Has a Job or a Business,11014,Dolores Hidalgo Cuna de la Independencia Nacional,20
1,Has a Job or a Business,11015,Guanajuato,11
1,Has a Job or a Business,11017,Irapuato,29
1,Has a Job or a Business,11019,Jerécuaro,19
1,Has a Job or a Business,11020,León,722
1,Has a Job or a Business,11022,Ocampo,2
1,Has a Job or a Business,11023,Pénjamo,6
1,Has a Job or a Business,11024,Pueblo Nuevo,4
1,Has a Job or a Business,11025,Purísima del Rincón,33
1,Has a Job or a Business,11026,Romita,2
1,Has a Job or a Business,11027,Salamanca,28
1,Has a Job or a Business,11028,Salvatierra,27
1,Has a Job or a Business,11029,San Diego de la Unión,1
1,Has a Job or a Business,11030,San Felipe,9
1,Has a Job or a Business,11031,San Francisco del Rincón,37
1,Has a Job or a Business,11032,San José Iturbide,18
1,Has a Job or a Business,11033,San Luis de la Paz,9
1,Has a Job or a Business,11034,Santa Catarina,6
1,Has a Job or a Business,11035,Santa Cruz de Juventino Rosas,2
1,Has a Job or a Business,11036,Santiago Maravatío,5
1,Has a Job or a Business,11037,Silao de la Victoria,4
1,Has a Job or a Business,11038,Tarandacuao,11
1,Has a Job or a Business,11039,Tarimoro,18
1,Has a Job or a Business,11042,Valle de Santiago,9
1,Has a Job or a Business,11044,Villagrán,4
1,Has a Job or a Business,11046,Yuriria,12
1,Has a Job or a Business,12001,Acapulco de Juárez,1085
1,Has a Job or a Business,12003,Ajuchitlán del Progreso,14
1,Has a Job or a Business,12006,Apaxtla,3
1,Has a Job or a Business,12008,Atenango del Río,2
1,Has a Job or a Business,12010,Atlixtac,1
1,Has a Job or a Business,12011,Atoyac de Álvarez,3
1,Has a Job or a Business,12012,Ayutla de los Libres,1
1,Has a Job or a Business,12013,Azoyú,1
1,Has a Job or a Business,12015,Buenavista de Cuéllar,2
1,Has a Job or a Business,12018,Copala,16
1,Has a Job or a Business,12020,Copanatoyac,1
1,Has a Job or a Business,12021,Coyuca de Benítez,12
1,Has a Job or a Business,12022,Coyuca de Catalán,11
1,Has a Job or a Business,12023,Cuajinicuilapa,2
1,Has a Job or a Business,12024,Cualác,4
1,Has a Job or a Business,12025,Cuautepec,3
1,Has a Job or a Business,12027,Cutzamala de Pinzón,4
1,Has a Job or a Business,12029,Chilpancingo de los Bravo,68
1,Has a Job or a Business,12030,Florencio Villarreal,5
1,Has a Job or a Business,12032,General Heliodoro Castillo,1
1,Has a Job or a Business,12033,Huamuxtitlán,3
1,Has a Job or a Business,12034,Huitzuco de los Figueroa,15
1,Has a Job or a Business,12035,Iguala de la Independencia,43
1,Has a Job or a Business,12036,Igualapa,8
1,Has a Job or a Business,12038,Zihuatanejo de Azueta,28
1,Has a Job or a Business,12041,Malinaltepec,8
1,Has a Job or a Business,12045,Olinalá,10
1,Has a Job or a Business,12046,Ometepec,5
1,Has a Job or a Business,12048,Petatlán,8
1,Has a Job or a Business,12051,Quechultenango,9
1,Has a Job or a Business,12053,San Marcos,10
1,Has a Job or a Business,12055,Taxco de Alarcón,17
1,Has a Job or a Business,12056,Tecoanapa,2
1,Has a Job or a Business,12057,Técpan de Galeana,10
1,Has a Job or a Business,12059,Tepecoacuilco de Trujano,8
1,Has a Job or a Business,12060,Tetipac,4
1,Has a Job or a Business,12061,Tixtla de Guerrero,24
1,Has a Job or a Business,12062,Tlacoachistlahuaca,1
1,Has a Job or a Business,12064,Tlalchapa,1
1,Has a Job or a Business,12065,Tlalixtaquilla de Maldonado,5
1,Has a Job or a Business,12066,Tlapa de Comonfort,20
1,Has a Job or a Business,12069,Xalpatláhuac,6
1,Has a Job or a Business,12071,Xochistlahuaca,7
1,Has a Job or a Business,12072,Zapotitlán Tablas,9
1,Has a Job or a Business,12073,Zirándaro,5
1,Has a Job or a Business,12074,Zitlala,1
1,Has a Job or a Business,12078,Cochoapa el Grande,3
1,Has a Job or a Business,13001,Acatlán,19
1,Has a Job or a Business,13002,Acaxochitlán,1
1,Has a Job or a Business,13003,Actopan,1
1,Has a Job or a Business,13004,Agua Blanca de Iturbide,17
1,Has a Job or a Business,13006,Alfajayucan,1
1,Has a Job or a Business,13007,Almoloya,4
1,Has a Job or a Business,13008,Apan,8
1,Has a Job or a Business,13010,Atitalaquia,6
1,Has a Job or a Business,13011,Atlapexco,5
1,Has a Job or a Business,13012,Atotonilco el Grande,5
1,Has a Job or a Business,13013,Atotonilco de Tula,12
1,Has a Job or a Business,13014,Calnali,4
1,Has a Job or a Business,13016,Cuautepec de Hinojosa,14
1,Has a Job or a Business,13018,Chapulhuacán,10
1,Has a Job or a Business,13025,Huautla,2
1,Has a Job or a Business,13027,Huehuetla,3
1,Has a Job or a Business,13028,Huejutla de Reyes,21
1,Has a Job or a Business,13029,Huichapan,11
1,Has a Job or a Business,13030,Ixmiquilpan,19
1,Has a Job or a Business,13032,Jaltocán,3
1,Has a Job or a Business,13036,San Agustín Metzquititlán,10
1,Has a Job or a Business,13041,Mixquiahuala de Juárez,20
1,Has a Job or a Business,13046,San Felipe Orizatlán,26
1,Has a Job or a Business,13047,Pacula,6
1,Has a Job or a Business,13048,Pachuca de Soto,662
1,Has a Job or a Business,13049,Pisaflores,2
1,Has a Job or a Business,13050,Progreso de Obregón,2
1,Has a Job or a Business,13051,Mineral de la Reforma,292
1,Has a Job or a Business,13052,San Agustín Tlaxiaca,5
1,Has a Job or a Business,13053,San Bartolo Tutotepec,6
1,Has a Job or a Business,13054,San Salvador,20
1,Has a Job or a Business,13055,Santiago de Anaya,13
1,Has a Job or a Business,13056,Santiago Tulantepec de Lugo Guerrero,4
1,Has a Job or a Business,13058,Tasquillo,15
1,Has a Job or a Business,13059,Tecozautla,11
1,Has a Job or a Business,13061,Tepeapulco,13
1,Has a Job or a Business,13063,Tepeji del Río de Ocampo,14
1,Has a Job or a Business,13069,Tizayuca,33
1,Has a Job or a Business,13070,Tlahuelilpan,9
1,Has a Job or a Business,13071,Tlahuiltepa,9
1,Has a Job or a Business,13073,Tlanchinol,19
1,Has a Job or a Business,13074,Tlaxcoapan,17
1,Has a Job or a Business,13076,Tula de Allende,34
1,Has a Job or a Business,13077,Tulancingo de Bravo,45
1,Has a Job or a Business,13078,Xochiatipan,5
1,Has a Job or a Business,13081,Zacualtipán de Ángeles,3
1,Has a Job or a Business,13083,Zempoala,15
1,Has a Job or a Business,13084,Zimapán,18
1,Has a Job or a Business,14003,Ahualulco de Mercado,6
1,Has a Job or a Business,14006,Ameca,1
1,Has a Job or a Business,14013,Atotonilco el Alto,3
1,Has a Job or a Business,14015,Autlán de Navarro,3
1,Has a Job or a Business,14016,Ayotlán,1
1,Has a Job or a Business,14021,Casimiro Castillo,3
1,Has a Job or a Business,14022,Cihuatlán,5
1,Has a Job or a Business,14023,Zapotlán el Grande,6
1,Has a Job or a Business,14024,Cocula,4
1,Has a Job or a Business,14027,Cuautitlán de García Barragán,8
1,Has a Job or a Business,14030,Chapala,8
1,Has a Job or a Business,14031,Chimaltitán,5
1,Has a Job or a Business,14032,Chiquilistlán,4
1,Has a Job or a Business,14035,Encarnación de Díaz,2
1,Has a Job or a Business,14036,Etzatlán,1
1,Has a Job or a Business,14037,El Grullo,15
1,Has a Job or a Business,14038,Guachinango,6
1,Has a Job or a Business,14039,Guadalajara,286
1,Has a Job or a Business,14045,Ixtlahuacán del Río,7
1,Has a Job or a Business,14046,Jalostotitlán,2
1,Has a Job or a Business,14047,Jamay,5
1,Has a Job or a Business,14050,Jocotepec,3
1,Has a Job or a Business,14053,Lagos de Moreno,4
1,Has a Job or a Business,14058,Mascota,1
1,Has a Job or a Business,14063,Ocotlán,5
1,Has a Job or a Business,14064,Ojuelos de Jalisco,4
1,Has a Job or a Business,14065,Pihuamo,3
1,Has a Job or a Business,14066,Poncitlán,6
1,Has a Job or a Business,14067,Puerto Vallarta,25
1,Has a Job or a Business,14070,El Salto,10
1,Has a Job or a Business,14073,San Juan de los Lagos,11
1,Has a Job or a Business,14074,San Julián,1
1,Has a Job or a Business,14083,Tala,5
1,Has a Job or a Business,14091,Teocaltiche,10
1,Has a Job or a Business,14093,Tepatitlán de Morelos,11
1,Has a Job or a Business,14096,Tizapán el Alto,1
1,Has a Job or a Business,14097,Tlajomulco de Zúñiga,79
1,Has a Job or a Business,14098,San Pedro Tlaquepaque,117
1,Has a Job or a Business,14100,Tomatlán,12
1,Has a Job or a Business,14101,Tonalá,118
1,Has a Job or a Business,14105,Tototlán,1
1,Has a Job or a Business,14108,Tuxpan,9
1,Has a Job or a Business,14115,Villa Guerrero,3
1,Has a Job or a Business,14116,Villa Hidalgo,1
1,Has a Job or a Business,14120,Zapopan,217
1,Has a Job or a Business,14121,Zapotiltic,1
1,Has a Job or a Business,14124,Zapotlanejo,1
1,Has a Job or a Business,14125,San Ignacio Cerro Gordo,4
1,Has a Job or a Business,15002,Acolman,21
1,Has a Job or a Business,15005,Almoloya de Juárez,5
1,Has a Job or a Business,15007,Amanalco,1
1,Has a Job or a Business,15010,Apaxco,3
1,Has a Job or a Business,15011,Atenco,11
1,Has a Job or a Business,15013,Atizapán de Zaragoza,29
1,Has a Job or a Business,15015,Atlautla,2
1,Has a Job or a Business,15018,Calimaya,13
1,Has a Job or a Business,15020,Coacalco de Berriozábal,19
1,Has a Job or a Business,15021,Coatepec Harinas,1
1,Has a Job or a Business,15024,Cuautitlán,6
1,Has a Job or a Business,15025,Chalco,21
1,Has a Job or a Business,15026,Chapa de Mota,2
1,Has a Job or a Business,15028,Chiautla,1
1,Has a Job or a Business,15029,Chicoloapan,6
1,Has a Job or a Business,15030,Chiconcuac,5
1,Has a Job or a Business,15031,Chimalhuacán,43
1,Has a Job or a Business,15033,Ecatepec de Morelos,171
1,Has a Job or a Business,15035,Huehuetoca,2
1,Has a Job or a Business,15037,Huixquilucan,8
1,Has a Job or a Business,15039,Ixtapaluca,35
1,Has a Job or a Business,15045,Jilotepec,1
1,Has a Job or a Business,15047,Jiquipilco,19
1,Has a Job or a Business,15051,Lerma,24
1,Has a Job or a Business,15052,Malinalco,1
1,Has a Job or a Business,15054,Metepec,56
1,Has a Job or a Business,15057,Naucalpan de Juárez,31
1,Has a Job or a Business,15058,Nezahualcóyotl,46
1,Has a Job or a Business,15059,Nextlalpan,16
1,Has a Job or a Business,15060,Nicolás Romero,4
1,Has a Job or a Business,15067,Otzolotepec,7
1,Has a Job or a Business,15068,Ozumba,1
1,Has a Job or a Business,15070,La Paz,8
1,Has a Job or a Business,15074,San Felipe del Progreso,3
1,Has a Job or a Business,15076,San Mateo Atenco,30
1,Has a Job or a Business,15077,San Simón de Guerrero,1
1,Has a Job or a Business,15079,Soyaniquilpan de Juárez,1
1,Has a Job or a Business,15081,Tecámac,39
1,Has a Job or a Business,15082,Tejupilco,1
1,Has a Job or a Business,15084,Temascalapa,2
1,Has a Job or a Business,15085,Temascalcingo,7
1,Has a Job or a Business,15087,Temoaya,5
1,Has a Job or a Business,15090,Tenango del Valle,1
1,Has a Job or a Business,15092,Teotihuacán,8
1,Has a Job or a Business,15099,Texcoco,1
1,Has a Job or a Business,15100,Tezoyuca,9
1,Has a Job or a Business,15101,Tianguistenco,5
1,Has a Job or a Business,15104,Tlalnepantla de Baz,42
1,Has a Job or a Business,15106,Toluca,206
1,Has a Job or a Business,15108,Tultepec,2
1,Has a Job or a Business,15109,Tultitlán,29
1,Has a Job or a Business,15111,Villa de Allende,3
1,Has a Job or a Business,15114,Villa Victoria,2
1,Has a Job or a Business,15118,Zinacantepec,26
1,Has a Job or a Business,15120,Zumpango,14
1,Has a Job or a Business,15121,Cuautitlán Izcalli,41
1,Has a Job or a Business,15122,Valle de Chalco Solidaridad,17
1,Has a Job or a Business,15123,Luvianos,4
1,Has a Job or a Business,15124,San José del Rincón,17
1,Has a Job or a Business,16003,Álvaro Obregón,2
1,Has a Job or a Business,16006,Apatzingán,1
1,Has a Job or a Business,16009,Ario,7
1,Has a Job or a Business,16010,Arteaga,7
1,Has a Job or a Business,16018,Copándaro,2
1,Has a Job or a Business,16019,Cotija,5
1,Has a Job or a Business,16021,Charapan,8
1,Has a Job or a Business,16025,Chilchota,10
1,Has a Job or a Business,16034,Hidalgo,7
1,Has a Job or a Business,16038,Huetamo,15
1,Has a Job or a Business,16043,Jacona,5
1,Has a Job or a Business,16050,Maravatío,15
1,Has a Job or a Business,16052,Lázaro Cárdenas,23
1,Has a Job or a Business,16053,Morelia,614
1,Has a Job or a Business,16054,Morelos,1
1,Has a Job or a Business,16055,Múgica,1
1,Has a Job or a Business,16056,Nahuatzen,10
1,Has a Job or a Business,16061,Ocampo,6
1,Has a Job or a Business,16063,Panindícuaro,2
1,Has a Job or a Business,16064,Parácuaro,7
1,Has a Job or a Business,16066,Pátzcuaro,23
1,Has a Job or a Business,16068,Peribán,1
1,Has a Job or a Business,16069,La Piedad,18
1,Has a Job or a Business,16071,Puruándiro,2
1,Has a Job or a Business,16072,Queréndaro,6
1,Has a Job or a Business,16073,Quiroga,1
1,Has a Job or a Business,16075,Los Reyes,3
1,Has a Job or a Business,16076,Sahuayo,11
1,Has a Job or a Business,16082,Tacámbaro,22
1,Has a Job or a Business,16083,Tancítaro,1
1,Has a Job or a Business,16084,Tangamandapio,1
1,Has a Job or a Business,16085,Tangancícuaro,1
1,Has a Job or a Business,16086,Tanhuato,3
1,Has a Job or a Business,16088,Tarímbaro,9
1,Has a Job or a Business,16090,Tingambato,3
1,Has a Job or a Business,16092,Tiquicheo de Nicolás Romero,2
1,Has a Job or a Business,16097,Turicato,1
1,Has a Job or a Business,16099,Tuzantla,9
1,Has a Job or a Business,16102,Uruapan,23
1,Has a Job or a Business,16105,Vista Hermosa,1
1,Has a Job or a Business,16106,Yurécuaro,6
1,Has a Job or a Business,16107,Zacapu,10
1,Has a Job or a Business,16108,Zamora,16
1,Has a Job or a Business,16110,Zinapécuaro,1
1,Has a Job or a Business,16111,Ziracuaretiro,1
1,Has a Job or a Business,16112,Zitácuaro,15
1,Has a Job or a Business,17001,Amacuzac,2
1,Has a Job or a Business,17002,Atlatlahucan,6
1,Has a Job or a Business,17003,Axochiapan,12
1,Has a Job or a Business,17004,Ayala,16
1,Has a Job or a Business,17005,Coatlán del Río,6
1,Has a Job or a Business,17006,Cuautla,47
1,Has a Job or a Business,17007,Cuernavaca,280
1,Has a Job or a Business,17008,Emiliano Zapata,70
1,Has a Job or a Business,17009,Huitzilac,10
1,Has a Job or a Business,17010,Jantetelco,10
1,Has a Job or a Business,17011,Jiutepec,155
1,Has a Job or a Business,17012,Jojutla,16
1,Has a Job or a Business,17013,Jonacatepec de Leandro Valle,4
1,Has a Job or a Business,17015,Miacatlán,4
1,Has a Job or a Business,17016,Ocuituco,6
1,Has a Job or a Business,17017,Puente de Ixtla,31
1,Has a Job or a Business,17018,Temixco,79
1,Has a Job or a Business,17019,Tepalcingo,13
1,Has a Job or a Business,17020,Tepoztlán,8
1,Has a Job or a Business,17022,Tetela del Volcán,1
1,Has a Job or a Business,17024,Tlaltizapán de Zapata,19
1,Has a Job or a Business,17025,Tlaquiltenango,4
1,Has a Job or a Business,17027,Totolapan,3
1,Has a Job or a Business,17028,Xochitepec,38
1,Has a Job or a Business,17029,Yautepec,42
1,Has a Job or a Business,17030,Yecapixtla,4
1,Has a Job or a Business,17031,Zacatepec,19
1,Has a Job or a Business,17032,Zacualpan de Amilpas,15
1,Has a Job or a Business,17033,Temoac,5
1,Has a Job or a Business,18001,Acaponeta,11
1,Has a Job or a Business,18002,Ahuacatlán,5
1,Has a Job or a Business,18004,Compostela,6
1,Has a Job or a Business,18006,Ixtlán del Río,6
1,Has a Job or a Business,18008,Xalisco,54
1,Has a Job or a Business,18009,Del Nayar,15
1,Has a Job or a Business,18010,Rosamorada,14
1,Has a Job or a Business,18011,Ruíz,17
1,Has a Job or a Business,18012,San Blas,11
1,Has a Job or a Business,18013,San Pedro Lagunillas,1
1,Has a Job or a Business,18014,Santa María del Oro,6
1,Has a Job or a Business,18015,Santiago Ixcuintla,20
1,Has a Job or a Business,18016,Tecuala,8
1,Has a Job or a Business,18017,Tepic,651
1,Has a Job or a Business,18018,Tuxpan,4
1,Has a Job or a Business,18019,La Yesca,1
1,Has a Job or a Business,18020,Bahía de Banderas,42
1,Has a Job or a Business,19006,Apodaca,108
1,Has a Job or a Business,19007,Aramberri,4
1,Has a Job or a Business,19008,Bustamante,1
1,Has a Job or a Business,19009,Cadereyta Jiménez,18
1,Has a Job or a Business,19014,Doctor Arroyo,9
1,Has a Job or a Business,19017,Galeana,8
1,Has a Job or a Business,19018,García,22
1,Has a Job or a Business,19019,San Pedro Garza García,16
1,Has a Job or a Business,19020,General Bravo,3
1,Has a Job or a Business,19021,General Escobedo,62
1,Has a Job or a Business,19022,General Terán,3
1,Has a Job or a Business,19025,General Zuazua,10
1,Has a Job or a Business,19026,Guadalupe,119
1,Has a Job or a Business,19027,Los Herreras,4
1,Has a Job or a Business,19029,Hualahuises,2
1,Has a Job or a Business,19031,Juárez,35
1,Has a Job or a Business,19033,Linares,16
1,Has a Job or a Business,19034,Marín,2
1,Has a Job or a Business,19038,Montemorelos,16
1,Has a Job or a Business,19039,Monterrey,137
1,Has a Job or a Business,19042,Los Ramones,4
1,Has a Job or a Business,19044,Sabinas Hidalgo,18
1,Has a Job or a Business,19045,Salinas Victoria,10
1,Has a Job or a Business,19046,San Nicolás de los Garza,80
1,Has a Job or a Business,19047,Hidalgo,14
1,Has a Job or a Business,19048,Santa Catarina,68
1,Has a Job or a Business,19049,Santiago,19
1,Has a Job or a Business,20002,Acatlán de Pérez Figueroa,20
1,Has a Job or a Business,20006,Asunción Nochixtlán,4
1,Has a Job or a Business,20008,Asunción Tlacolulita,5
1,Has a Job or a Business,20009,Ayotzintepec,7
1,Has a Job or a Business,20010,El Barrio de la Soledad,5
1,Has a Job or a Business,20014,Ciudad Ixtepec,8
1,Has a Job or a Business,20023,Cuilápam de Guerrero,16
1,Has a Job or a Business,20025,Chahuites,10
1,Has a Job or a Business,20026,Chalcatongo de Hidalgo,19
1,Has a Job or a Business,20039,Heroica Ciudad de Huajuapan de León,38
1,Has a Job or a Business,20041,Huautla de Jiménez,19
1,Has a Job or a Business,20043,Juchitán de Zaragoza,82
1,Has a Job or a Business,20044,Loma Bonita,13
1,Has a Job or a Business,20045,Magdalena Apasco,11
1,Has a Job or a Business,20046,Magdalena Jaltepec,8
1,Has a Job or a Business,20051,Magdalena Teitipac,10
1,Has a Job or a Business,20059,Miahuatlán de Porfirio Díaz,32
1,Has a Job or a Business,20066,Santiago Niltepec,1
1,Has a Job or a Business,20067,Oaxaca de Juárez,710
1,Has a Job or a Business,20068,Ocotlán de Morelos,1
1,Has a Job or a Business,20073,Putla Villa de Guerrero,29
1,Has a Job or a Business,20076,La Reforma,7
1,Has a Job or a Business,20079,Salina Cruz,13
1,Has a Job or a Business,20083,San Agustín de las Juntas,30
1,Has a Job or a Business,20087,San Agustín Yatareni,13
1,Has a Job or a Business,20091,San Andrés Huayápam,20
1,Has a Job or a Business,20098,San Andrés Teotilálpam,4
1,Has a Job or a Business,20105,San Antonino Monte Verde,6
1,Has a Job or a Business,20107,San Antonio de la Cal,81
1,Has a Job or a Business,20115,San Bartolo Coyotepec,32
1,Has a Job or a Business,20118,San Bartolomé Quialana,1
1,Has a Job or a Business,20124,San Blas Atempa,7
1,Has a Job or a Business,20134,San Felipe Jalapa de Díaz,12
1,Has a Job or a Business,20138,San Francisco Cajonos,11
1,Has a Job or a Business,20141,San Francisco del Mar,2
1,Has a Job or a Business,20157,San Jacinto Amilpas,51
1,Has a Job or a Business,20161,San Jerónimo Sosola,3
1,Has a Job or a Business,20174,Ánimas Trujano,7
1,Has a Job or a Business,20184,San Juan Bautista Tuxtepec,69
1,Has a Job or a Business,20187,San Juan Coatzóspam,1
1,Has a Job or a Business,20188,San Juan Colorado,11
1,Has a Job or a Business,20190,San Juan Cotzocón,6
1,Has a Job or a Business,20198,San Juan Guichicovi,8
1,Has a Job or a Business,20199,San Juan Ihualtepec,5
1,Has a Job or a Business,20200,San Juan Juquila Mixes,10
1,Has a Job or a Business,20201,San Juan Juquila Vijanos,11
1,Has a Job or a Business,20202,San Juan Lachao,8
1,Has a Job or a Business,20205,San Juan Lalana,1
1,Has a Job or a Business,20210,San Juan Ñumí,6
1,Has a Job or a Business,20211,San Juan Ozolotepec,3
1,Has a Job or a Business,20214,San Juan Quiotepec,15
1,Has a Job or a Business,20217,San Juan Tamazola,11
1,Has a Job or a Business,20225,San Lorenzo,7
1,Has a Job or a Business,20227,San Lorenzo Cacaotepec,31
1,Has a Job or a Business,20243,San Martín Tilcajete,2
1,Has a Job or a Business,20245,San Martín Zacatepec,6
1,Has a Job or a Business,20249,San Mateo Yoloxochitlán,6
1,Has a Job or a Business,20255,San Mateo Sindihui,10
1,Has a Job or a Business,20263,San Miguel Coatlán,5
1,Has a Job or a Business,20266,San Miguel del Puerto,1
1,Has a Job or a Business,20277,Villa Sola de Vega,22
1,Has a Job or a Business,20278,San Miguel Soyaltepec,6
1,Has a Job or a Business,20293,San Pablo Etla,34
1,Has a Job or a Business,20295,San Pablo Huixtepec,7
1,Has a Job or a Business,20296,San Pablo Macuiltianguis,7
1,Has a Job or a Business,20302,San Pedro Atoyac,7
1,Has a Job or a Business,20309,San Pedro Ixcatlán,1
1,Has a Job or a Business,20312,San Pedro Jicayán,6
1,Has a Job or a Business,20318,San Pedro Mixtepec,18
1,Has a Job or a Business,20324,San Pedro Pochutla,11
1,Has a Job or a Business,20334,Villa de Tututepec,8
1,Has a Job or a Business,20348,San Sebastián Tecomaxtlahuaca,17
1,Has a Job or a Business,20350,San Sebastián Tutla,31
1,Has a Job or a Business,20364,Santa Catarina Juquila,32
1,Has a Job or a Business,20365,Santa Catarina Lachatao,16
1,Has a Job or a Business,20375,Santa Cruz Amilpas,27
1,Has a Job or a Business,20377,Santa Cruz Itundujia,8
1,Has a Job or a Business,20381,Santa Cruz Tacache de Mina,5
1,Has a Job or a Business,20385,Santa Cruz Xoxocotlán,156
1,Has a Job or a Business,20390,Santa Lucía del Camino,130
1,Has a Job or a Business,20394,Santa María Alotepec,7
1,Has a Job or a Business,20396,Santa María la Asunción,2
1,Has a Job or a Business,20397,Heroica Ciudad de Tlaxiaco,7
1,Has a Job or a Business,20399,Santa María Atzompa,58
1,Has a Job or a Business,20401,Santa María Colotepec,4
1,Has a Job or a Business,20403,Santa María Coyotepec,7
1,Has a Job or a Business,20409,Santa María del Tule,19
1,Has a Job or a Business,20412,Santa María Guienagati,8
1,Has a Job or a Business,20418,Santa María Jalapa del Marqués,17
1,Has a Job or a Business,20435,Santa María Tepantlali,3
1,Has a Job or a Business,20441,Santa María Xadani,14
1,Has a Job or a Business,20460,Santiago Choápam,3
1,Has a Job or a Business,20466,Santiago Ixtayutla,8
1,Has a Job or a Business,20467,Santiago Jamiltepec,14
1,Has a Job or a Business,20469,Santiago Juxtlahuaca,8
1,Has a Job or a Business,20482,Santiago Pinotepa Nacional,24
1,Has a Job or a Business,20491,Santiago Textitlán,16
1,Has a Job or a Business,20497,Santiago Yaitepec,6
1,Has a Job or a Business,20505,Santo Domingo Ingenio,8
1,Has a Job or a Business,20515,Santo Domingo Tehuantepec,4
1,Has a Job or a Business,20519,Santo Domingo Tomaltepec,6
1,Has a Job or a Business,20520,Santo Domingo Tonalá,5
1,Has a Job or a Business,20525,Santo Domingo Zanatepec,5
1,Has a Job or a Business,20539,Soledad Etla,1
1,Has a Job or a Business,20543,Tataltepec de Valdés,19
1,Has a Job or a Business,20546,Teotitlán del Valle,10
1,Has a Job or a Business,20549,"Heroica Villa Tezoatlán de Segura y Luna, Cuna de la Independencia de Oaxaca",6
1,Has a Job or a Business,20551,Tlacolula de Matamoros,16
1,Has a Job or a Business,20553,Tlalixtac de Cabrera,21
1,Has a Job or a Business,20559,San Juan Bautista Valle Nacional,15
1,Has a Job or a Business,20560,Villa Díaz Ordaz,10
1,Has a Job or a Business,20565,Villa de Zaachila,19
1,Has a Job or a Business,20570,Zimatlán de Álvarez,9
1,Has a Job or a Business,21004,Acatzingo,14
1,Has a Job or a Business,21015,Amozoc,45
1,Has a Job or a Business,21019,Atlixco,2
1,Has a Job or a Business,21026,Calpan,5
1,Has a Job or a Business,21034,Coronango,13
1,Has a Job or a Business,21041,Cuautlancingo,23
1,Has a Job or a Business,21042,Cuayuca de Andrade,5
1,Has a Job or a Business,21044,Cuyoaco,2
1,Has a Job or a Business,21045,Chalchicomula de Sesma,5
1,Has a Job or a Business,21051,Chietla,3
1,Has a Job or a Business,21053,Chignahuapan,3
1,Has a Job or a Business,21058,Chilchotla,15
1,Has a Job or a Business,21061,Eloxochitlán,3
1,Has a Job or a Business,21062,Epatlán,11
1,Has a Job or a Business,21063,Esperanza,2
1,Has a Job or a Business,21069,Huaquechula,1
1,Has a Job or a Business,21070,Huatlatlauca,2
1,Has a Job or a Business,21071,Huauchinango,5
1,Has a Job or a Business,21074,Huejotzingo,12
1,Has a Job or a Business,21078,Huitzilan de Serdán,8
1,Has a Job or a Business,21079,Huitziltepec,9
1,Has a Job or a Business,21083,Ixtacamaxtitlán,2
1,Has a Job or a Business,21084,Ixtepec,5
1,Has a Job or a Business,21085,Izúcar de Matamoros,8
1,Has a Job or a Business,21087,Jolalpan,1
1,Has a Job or a Business,21090,Juan C. Bonilla,27
1,Has a Job or a Business,21094,Libres,11
1,Has a Job or a Business,21100,Naupan,1
1,Has a Job or a Business,21102,Nealtican,6
1,Has a Job or a Business,21110,Palmar de Bravo,1
1,Has a Job or a Business,21111,Pantepec,4
1,Has a Job or a Business,21113,Piaxtla,1
1,Has a Job or a Business,21114,Puebla,571
1,Has a Job or a Business,21115,Quecholac,1
1,Has a Job or a Business,21119,San Andrés Cholula,18
1,Has a Job or a Business,21125,San Gregorio Atzompa,1
1,Has a Job or a Business,21129,San José Miahuatlán,2
1,Has a Job or a Business,21132,San Martín Texmelucan,14
1,Has a Job or a Business,21136,San Miguel Xoxtla,3
1,Has a Job or a Business,21138,San Nicolás de los Ranchos,2
1,Has a Job or a Business,21140,San Pedro Cholula,39
1,Has a Job or a Business,21141,San Pedro Yeloixtlahuaca,2
1,Has a Job or a Business,21154,Tecamachalco,10
1,Has a Job or a Business,21156,Tehuacán,16
1,Has a Job or a Business,21160,Teotlalco,4
1,Has a Job or a Business,21161,Tepanco de López,6
1,Has a Job or a Business,21163,Tepatlaxco de Hidalgo,4
1,Has a Job or a Business,21164,Tepeaca,6
1,Has a Job or a Business,21169,Tepexi de Rodríguez,1
1,Has a Job or a Business,21170,Tepeyahualco,1
1,Has a Job or a Business,21172,Tetela de Ocampo,2
1,Has a Job or a Business,21174,Teziutlán,5
1,Has a Job or a Business,21175,Tianguismanalco,3
1,Has a Job or a Business,21176,Tilapa,4
1,Has a Job or a Business,21179,Tlachichuca,9
1,Has a Job or a Business,21180,Tlahuapan,2
1,Has a Job or a Business,21185,Tlapanalá,1
1,Has a Job or a Business,21186,Tlatlauquitepec,4
1,Has a Job or a Business,21188,Tochimilco,3
1,Has a Job or a Business,21189,Tochtepec,6
1,Has a Job or a Business,21197,Xicotepec,9
1,Has a Job or a Business,21202,Xochitlán de Vicente Suárez,7
1,Has a Job or a Business,21205,Yehualtepec,9
1,Has a Job or a Business,21208,Zacatlán,11
1,Has a Job or a Business,21214,Zinacatepec,1
1,Has a Job or a Business,22001,Amealco de Bonfil,47
1,Has a Job or a Business,22002,Pinal de Amoles,9
1,Has a Job or a Business,22003,Arroyo Seco,1
1,Has a Job or a Business,22004,Cadereyta de Montes,30
1,Has a Job or a Business,22005,Colón,11
1,Has a Job or a Business,22006,Corregidora,114
1,Has a Job or a Business,22007,Ezequiel Montes,9
1,Has a Job or a Business,22009,Jalpan de Serra,13
1,Has a Job or a Business,22011,El Marqués,29
1,Has a Job or a Business,22012,Pedro Escobedo,28
1,Has a Job or a Business,22013,Peñamiller,3
1,Has a Job or a Business,22014,Querétaro,552
1,Has a Job or a Business,22016,San Juan del Río,84
1,Has a Job or a Business,22017,Tequisquiapan,11
1,Has a Job or a Business,22018,Tolimán,4
1,Has a Job or a Business,23001,Cozumel,46
1,Has a Job or a Business,23002,Felipe Carrillo Puerto,40
1,Has a Job or a Business,23003,Isla Mujeres,6
1,Has a Job or a Business,23004,Othón P. Blanco,169
1,Has a Job or a Business,23005,Benito Juárez,371
1,Has a Job or a Business,23006,José María Morelos,29
1,Has a Job or a Business,23007,Lázaro Cárdenas,2
1,Has a Job or a Business,23008,Solidaridad,93
1,Has a Job or a Business,23009,Tulum,7
1,Has a Job or a Business,23010,Bacalar,34
1,Has a Job or a Business,23011,Puerto Morelos,9
1,Has a Job or a Business,24001,Ahualulco,6
1,Has a Job or a Business,24005,Cárdenas,2
1,Has a Job or a Business,24006,Catorce,19
1,Has a Job or a Business,24007,Cedral,2
1,Has a Job or a Business,24008,Cerritos,6
1,Has a Job or a Business,24009,Cerro de San Pedro,2
1,Has a Job or a Business,24010,Ciudad del Maíz,4
1,Has a Job or a Business,24011,Ciudad Fernández,5
1,Has a Job or a Business,24012,Tancanhuitz,4
1,Has a Job or a Business,24013,Ciudad Valles,49
1,Has a Job or a Business,24014,Coxcatlán,5
1,Has a Job or a Business,24015,Charcas,4
1,Has a Job or a Business,24016,Ebano,32
1,Has a Job or a Business,24017,Guadalcázar,11
1,Has a Job or a Business,24018,Huehuetlán,1
1,Has a Job or a Business,24020,Matehuala,18
1,Has a Job or a Business,24021,Mexquitic de Carmona,7
1,Has a Job or a Business,24023,Rayón,7
1,Has a Job or a Business,24024,Rioverde,22
1,Has a Job or a Business,24025,Salinas,14
1,Has a Job or a Business,24026,San Antonio,2
1,Has a Job or a Business,24028,San Luis Potosí,578
1,Has a Job or a Business,24029,San Martín Chalchicuautla,6
1,Has a Job or a Business,24031,Santa Catarina,4
1,Has a Job or a Business,24032,Santa María del Río,32
1,Has a Job or a Business,24033,Santo Domingo,2
1,Has a Job or a Business,24034,San Vicente Tancuayalab,4
1,Has a Job or a Business,24035,Soledad de Graciano Sánchez,267
1,Has a Job or a Business,24036,Tamasopo,4
1,Has a Job or a Business,24037,Tamazunchale,27
1,Has a Job or a Business,24038,Tampacán,2
1,Has a Job or a Business,24039,Tampamolón Corona,10
1,Has a Job or a Business,24040,Tamuín,8
1,Has a Job or a Business,24041,Tanlajás,7
1,Has a Job or a Business,24042,Tanquián de Escobedo,4
1,Has a Job or a Business,24044,Vanegas,1
1,Has a Job or a Business,24045,Venado,2
1,Has a Job or a Business,24046,Villa de Arriaga,6
1,Has a Job or a Business,24049,Villa de Ramos,15
1,Has a Job or a Business,24050,Villa de Reyes,6
1,Has a Job or a Business,24051,Villa Hidalgo,7
1,Has a Job or a Business,24052,Villa Juárez,1
1,Has a Job or a Business,24053,Axtla de Terrazas,4
1,Has a Job or a Business,24054,Xilitla,2
1,Has a Job or a Business,24055,Zaragoza,6
1,Has a Job or a Business,24057,Matlapa,2
1,Has a Job or a Business,24058,El Naranjo,7
1,Has a Job or a Business,25001,Ahome,85
1,Has a Job or a Business,25002,Angostura,5
1,Has a Job or a Business,25005,Cosalá,5
1,Has a Job or a Business,25006,Culiacán,647
1,Has a Job or a Business,25007,Choix,8
1,Has a Job or a Business,25008,Elota,6
1,Has a Job or a Business,25010,El Fuerte,11
1,Has a Job or a Business,25011,Guasave,87
1,Has a Job or a Business,25012,Mazatlán,64
1,Has a Job or a Business,25013,Mocorito,18
1,Has a Job or a Business,25014,Rosario,1
1,Has a Job or a Business,25015,Salvador Alvarado,6
1,Has a Job or a Business,25016,San Ignacio,1
1,Has a Job or a Business,25018,Navolato,8
1,Has a Job or a Business,26002,Agua Prieta,31
1,Has a Job or a Business,26009,Bacanora,10
1,Has a Job or a Business,26012,Bácum,4
1,Has a Job or a Business,26017,Caborca,17
1,Has a Job or a Business,26018,Cajeme,92
1,Has a Job or a Business,26019,Cananea,4
1,Has a Job or a Business,26025,Empalme,17
1,Has a Job or a Business,26026,Etchojoa,36
1,Has a Job or a Business,26029,Guaymas,55
1,Has a Job or a Business,26030,Hermosillo,797
1,Has a Job or a Business,26033,Huatabampo,26
1,Has a Job or a Business,26035,Imuris,10
1,Has a Job or a Business,26038,Moctezuma,14
1,Has a Job or a Business,26042,Navojoa,27
1,Has a Job or a Business,26043,Nogales,46
1,Has a Job or a Business,26048,Puerto Peñasco,20
1,Has a Job or a Business,26051,Rosario,1
1,Has a Job or a Business,26055,San Luis Río Colorado,67
1,Has a Job or a Business,26060,Sáric,9
1,Has a Job or a Business,26066,Ures,4
1,Has a Job or a Business,26067,Villa Hidalgo,2
1,Has a Job or a Business,26069,Yécora,2
1,Has a Job or a Business,26072,San Ignacio Río Muerto,1
1,Has a Job or a Business,27001,Balancán,9
1,Has a Job or a Business,27002,Cárdenas,69
1,Has a Job or a Business,27003,Centla,50
1,Has a Job or a Business,27004,Centro,1034
1,Has a Job or a Business,27005,Comalcalco,124
1,Has a Job or a Business,27006,Cunduacán,73
1,Has a Job or a Business,27007,Emiliano Zapata,19
1,Has a Job or a Business,27008,Huimanguillo,129
1,Has a Job or a Business,27009,Jalapa,21
1,Has a Job or a Business,27010,Jalpa de Méndez,19
1,Has a Job or a Business,27011,Jonuta,1
1,Has a Job or a Business,27012,Macuspana,162
1,Has a Job or a Business,27013,Nacajuca,182
1,Has a Job or a Business,27014,Paraíso,42
1,Has a Job or a Business,27015,Tacotalpa,1
1,Has a Job or a Business,27017,Tenosique,2
1,Has a Job or a Business,28001,Abasolo,7
1,Has a Job or a Business,28002,Aldama,2
1,Has a Job or a Business,28003,Altamira,157
1,Has a Job or a Business,28005,Burgos,3
1,Has a Job or a Business,28008,Casas,2
1,Has a Job or a Business,28009,Ciudad Madero,157
1,Has a Job or a Business,28010,Cruillas,1
1,Has a Job or a Business,28012,González,11
1,Has a Job or a Business,28013,Güémez,9
1,Has a Job or a Business,28015,Gustavo Díaz Ordaz,4
1,Has a Job or a Business,28017,Jaumave,4
1,Has a Job or a Business,28018,Jiménez,7
1,Has a Job or a Business,28019,Llera,12
1,Has a Job or a Business,28021,El Mante,46
1,Has a Job or a Business,28022,Matamoros,108
1,Has a Job or a Business,28024,Mier,2
1,Has a Job or a Business,28025,Miguel Alemán,5
1,Has a Job or a Business,28026,Miquihuana,4
1,Has a Job or a Business,28027,Nuevo Laredo,33
1,Has a Job or a Business,28029,Ocampo,3
1,Has a Job or a Business,28031,Palmillas,3
1,Has a Job or a Business,28032,Reynosa,449
1,Has a Job or a Business,28033,Río Bravo,32
1,Has a Job or a Business,28036,San Nicolás,11
1,Has a Job or a Business,28037,Soto la Marina,3
1,Has a Job or a Business,28038,Tampico,230
1,Has a Job or a Business,28039,Tula,1
1,Has a Job or a Business,28040,Valle Hermoso,51
1,Has a Job or a Business,28041,Victoria,75
1,Has a Job or a Business,28043,Xicoténcatl,24
1,Has a Job or a Business,29001,Amaxac de Guerrero,12
1,Has a Job or a Business,29002,Apetatitlán de Antonio Carvajal,24
1,Has a Job or a Business,29003,Atlangatepec,1
1,Has a Job or a Business,29004,Atltzayanca,8
1,Has a Job or a Business,29005,Apizaco,38
1,Has a Job or a Business,29006,Calpulalpan,53
1,Has a Job or a Business,29008,Cuapiaxtla,10
1,Has a Job or a Business,29009,Cuaxomulco,6
1,Has a Job or a Business,29010,Chiautempan,43
1,Has a Job or a Business,29012,Españita,7
1,Has a Job or a Business,29013,Huamantla,68
1,Has a Job or a Business,29014,Hueyotlipan,13
1,Has a Job or a Business,29015,Ixtacuixtla de Mariano Matamoros,12
1,Has a Job or a Business,29016,Ixtenco,9
1,Has a Job or a Business,29017,Mazatecochco de José María Morelos,9
1,Has a Job or a Business,29018,Contla de Juan Cuamatzi,49
1,Has a Job or a Business,29019,Tepetitla de Lardizábal,3
1,Has a Job or a Business,29020,Sanctórum de Lázaro Cárdenas,4
1,Has a Job or a Business,29021,Nanacamilpa de Mariano Arista,23
1,Has a Job or a Business,29023,Natívitas,17
1,Has a Job or a Business,29024,Panotla,9
1,Has a Job or a Business,29025,San Pablo del Monte,113
1,Has a Job or a Business,29026,Santa Cruz Tlaxcala,25
1,Has a Job or a Business,29027,Tenancingo,10
1,Has a Job or a Business,29028,Teolocholco,25
1,Has a Job or a Business,29029,Tepeyanco,13
1,Has a Job or a Business,29030,Terrenate,5
1,Has a Job or a Business,29031,Tetla de la Solidaridad,37
1,Has a Job or a Business,29032,Tetlatlahuca,3
1,Has a Job or a Business,29033,Tlaxcala,78
1,Has a Job or a Business,29034,Tlaxco,36
1,Has a Job or a Business,29035,Tocatlán,10
1,Has a Job or a Business,29036,Totolac,15
1,Has a Job or a Business,29037,Ziltlaltépec de Trinidad Sánchez Santos,14
1,Has a Job or a Business,29038,Tzompantepec,5
1,Has a Job or a Business,29039,Xaloztoc,17
1,Has a Job or a Business,29040,Xaltocan,8
1,Has a Job or a Business,29041,Papalotla de Xicohténcatl,25
1,Has a Job or a Business,29042,Xicohtzinco,6
1,Has a Job or a Business,29043,Yauhquemehcan,27
1,Has a Job or a Business,29044,Zacatelco,43
1,Has a Job or a Business,29045,Benito Juárez,7
1,Has a Job or a Business,29046,Emiliano Zapata,9
1,Has a Job or a Business,29047,Lázaro Cárdenas,2
1,Has a Job or a Business,29048,La Magdalena Tlaltelulco,2
1,Has a Job or a Business,29049,San Damián Texóloc,11
1,Has a Job or a Business,29050,San Francisco Tetlanohcan,20
1,Has a Job or a Business,29051,San Jerónimo Zacualpan,10
1,Has a Job or a Business,29052,San José Teacalco,14
1,Has a Job or a Business,29053,San Juan Huactzinco,2
1,Has a Job or a Business,29054,San Lorenzo Axocomanitla,7
1,Has a Job or a Business,29055,San Lucas Tecopilco,8
1,Has a Job or a Business,29056,Santa Ana Nopalucan,1
1,Has a Job or a Business,29057,Santa Apolonia Teacalco,4
1,Has a Job or a Business,29058,Santa Catarina Ayometla,3
1,Has a Job or a Business,29059,Santa Cruz Quilehtla,6
1,Has a Job or a Business,29060,Santa Isabel Xiloxoxtla,7
1,Has a Job or a Business,30003,Acayucan,9
1,Has a Job or a Business,30011,Alvarado,7
1,Has a Job or a Business,30013,Naranjos Amatlán,11
1,Has a Job or a Business,30015,Angel R. Cabada,13
1,Has a Job or a Business,30016,La Antigua,2
1,Has a Job or a Business,30020,Atlahuilco,6
1,Has a Job or a Business,30021,Atoyac,1
1,Has a Job or a Business,30028,Boca del Río,117
1,Has a Job or a Business,30030,Camerino Z. Mendoza,6
1,Has a Job or a Business,30032,Catemaco,10
1,Has a Job or a Business,30033,Cazones de Herrera,6
1,Has a Job or a Business,30034,Cerro Azul,1
1,Has a Job or a Business,30035,Citlaltépetl,8
1,Has a Job or a Business,30038,Coatepec,6
1,Has a Job or a Business,30039,Coatzacoalcos,504
1,Has a Job or a Business,30040,Coatzintla,3
1,Has a Job or a Business,30044,Córdoba,6
1,Has a Job or a Business,30047,Coscomatepec,4
1,Has a Job or a Business,30048,Cosoleacaque,13
1,Has a Job or a Business,30053,Cuitláhuac,9
1,Has a Job or a Business,30058,Chicontepec,2
1,Has a Job or a Business,30060,Chinampa de Gorostiza,5
1,Has a Job or a Business,30061,Las Choapas,7
1,Has a Job or a Business,30065,Emiliano Zapata,3
1,Has a Job or a Business,30066,Espinal,4
1,Has a Job or a Business,30071,Huatusco,4
1,Has a Job or a Business,30079,Ixhuacán de los Reyes,3
1,Has a Job or a Business,30082,Ixhuatlán del Sureste,11
1,Has a Job or a Business,30083,Ixhuatlán de Madero,11
1,Has a Job or a Business,30086,Jalacingo,1
1,Has a Job or a Business,30087,Xalapa,16
1,Has a Job or a Business,30089,Jáltipan,1
1,Has a Job or a Business,30092,Xico,12
1,Has a Job or a Business,30094,Juan Rodríguez Clara,9
1,Has a Job or a Business,30097,Lerdo de Tejada,4
1,Has a Job or a Business,30099,Maltrata,2
1,Has a Job or a Business,30101,Mariano Escobedo,1
1,Has a Job or a Business,30102,Martínez de la Torre,19
1,Has a Job or a Business,30103,Mecatlán,11
1,Has a Job or a Business,30104,Mecayapan,2
1,Has a Job or a Business,30105,Medellín de Bravo,8
1,Has a Job or a Business,30108,Minatitlán,7
1,Has a Job or a Business,30109,Misantla,3
1,Has a Job or a Business,30113,Naranjal,5
1,Has a Job or a Business,30115,Nogales,10
1,Has a Job or a Business,30118,Orizaba,6
1,Has a Job or a Business,30121,Ozuluama de Mascareñas,11
1,Has a Job or a Business,30122,Pajapan,3
1,Has a Job or a Business,30123,Pánuco,5
1,Has a Job or a Business,30124,Papantla,1
1,Has a Job or a Business,30126,Paso de Ovejas,4
1,Has a Job or a Business,30131,Poza Rica de Hidalgo,13
1,Has a Job or a Business,30133,Pueblo Viejo,27
1,Has a Job or a Business,30136,Rafael Lucio,2
1,Has a Job or a Business,30141,San Andrés Tuxtla,9
1,Has a Job or a Business,30144,Sayula de Alemán,1
1,Has a Job or a Business,30145,Soconusco,2
1,Has a Job or a Business,30148,Soledad de Doblado,2
1,Has a Job or a Business,30149,Soteapan,3
1,Has a Job or a Business,30150,Tamalín,3
1,Has a Job or a Business,30160,Álamo Temapache,16
1,Has a Job or a Business,30161,Tempoal,2
1,Has a Job or a Business,30171,Texhuacán,4
1,Has a Job or a Business,30173,Tezonapa,5
1,Has a Job or a Business,30174,Tierra Blanca,1
1,Has a Job or a Business,30175,Tihuatlán,6
1,Has a Job or a Business,30180,Tlachichilco,2
1,Has a Job or a Business,30181,Tlalixcoyan,1
1,Has a Job or a Business,30183,Tlapacoyan,7
1,Has a Job or a Business,30189,Tuxpan,4
1,Has a Job or a Business,30191,Ursulo Galván,1
1,Has a Job or a Business,30193,Veracruz,361
1,Has a Job or a Business,30201,Zongolica,4
1,Has a Job or a Business,30204,Agua Dulce,8
1,Has a Job or a Business,30208,Carlos A. Carrillo,5
1,Has a Job or a Business,30212,Santiago Sochiapan,2
1,Has a Job or a Business,31002,Acanceh,7
1,Has a Job or a Business,31004,Baca,1
1,Has a Job or a Business,31007,Cacalchén,1
1,Has a Job or a Business,31008,Calotmul,2
1,Has a Job or a Business,31010,Cantamayec,1
1,Has a Job or a Business,31011,Celestún,20
1,Has a Job or a Business,31014,Cuncunul,1
1,Has a Job or a Business,31021,Chichimilá,1
1,Has a Job or a Business,31024,Chumayel,5
1,Has a Job or a Business,31026,Dzemul,3
1,Has a Job or a Business,31027,Dzidzantún,21
1,Has a Job or a Business,31029,Dzilam González,5
1,Has a Job or a Business,31031,Dzoncauich,4
1,Has a Job or a Business,31032,Espita,9
1,Has a Job or a Business,31033,Halachó,14
1,Has a Job or a Business,31035,Hoctún,7
1,Has a Job or a Business,31037,Huhí,4
1,Has a Job or a Business,31038,Hunucmá,5
1,Has a Job or a Business,31040,Izamal,11
1,Has a Job or a Business,31041,Kanasín,49
1,Has a Job or a Business,31048,Maxcanú,2
1,Has a Job or a Business,31049,Mayapán,3
1,Has a Job or a Business,31050,Mérida,420
1,Has a Job or a Business,31051,Mocochá,3
1,Has a Job or a Business,31052,Motul,8
1,Has a Job or a Business,31054,Muxupip,4
1,Has a Job or a Business,31056,Oxkutzcab,4
1,Has a Job or a Business,31058,Peto,8
1,Has a Job or a Business,31059,Progreso,42
1,Has a Job or a Business,31060,Quintana Roo,3
1,Has a Job or a Business,31063,Samahil,1
1,Has a Job or a Business,31065,San Felipe,13
1,Has a Job or a Business,31067,Seyé,2
1,Has a Job or a Business,31070,Sucilá,4
1,Has a Job or a Business,31073,Tahdziú,7
1,Has a Job or a Business,31079,Tekax,11
1,Has a Job or a Business,31084,Temax,3
1,Has a Job or a Business,31085,Temozón,2
1,Has a Job or a Business,31086,Tepakán,2
1,Has a Job or a Business,31087,Tetiz,4
1,Has a Job or a Business,31089,Ticul,27
1,Has a Job or a Business,31091,Tinum,10
1,Has a Job or a Business,31093,Tixkokob,2
1,Has a Job or a Business,31094,Tixmehuac,2
1,Has a Job or a Business,31095,Tixpéhual,6
1,Has a Job or a Business,31096,Tizimín,30
1,Has a Job or a Business,31101,Umán,13
1,Has a Job or a Business,31102,Valladolid,14
1,Has a Job or a Business,31103,Xocchel,3
1,Has a Job or a Business,31104,Yaxcabá,2
1,Has a Job or a Business,31105,Yaxkukul,1
1,Has a Job or a Business,32003,Atolinga,3
1,Has a Job or a Business,32004,Benito Juárez,5
1,Has a Job or a Business,32005,Calera,18
1,Has a Job or a Business,32006,Cañitas de Felipe Pescador,12
1,Has a Job or a Business,32007,Concepción del Oro,1
1,Has a Job or a Business,32010,Fresnillo,74
1,Has a Job or a Business,32011,Trinidad García de la Cadena,2
1,Has a Job or a Business,32014,General Francisco R. Murguía,4
1,Has a Job or a Business,32016,General Pánfilo Natera,15
1,Has a Job or a Business,32017,Guadalupe,424
1,Has a Job or a Business,32019,Jalpa,5
1,Has a Job or a Business,32020,Jerez,10
1,Has a Job or a Business,32023,Juchipila,12
1,Has a Job or a Business,32024,Loreto,38
1,Has a Job or a Business,32025,Luis Moya,8
1,Has a Job or a Business,32026,Mazapil,1
1,Has a Job or a Business,32028,Mezquital del Oro,7
1,Has a Job or a Business,32029,Miguel Auza,14
1,Has a Job or a Business,32031,Monte Escobedo,17
1,Has a Job or a Business,32032,Morelos,4
1,Has a Job or a Business,32034,Nochistlán de Mejía,13
1,Has a Job or a Business,32035,Noria de Ángeles,2
1,Has a Job or a Business,32036,Ojocaliente,33
1,Has a Job or a Business,32038,Pinos,32
1,Has a Job or a Business,32039,Río Grande,26
1,Has a Job or a Business,32042,Sombrerete,16
1,Has a Job or a Business,32046,Tepetongo,3
1,Has a Job or a Business,32048,Tlaltenango de Sánchez Román,7
1,Has a Job or a Business,32049,Valparaíso,18
1,Has a Job or a Business,32050,Vetagrande,6
1,Has a Job or a Business,32051,Villa de Cos,28
1,Has a Job or a Business,32052,Villa García,5
1,Has a Job or a Business,32053,Villa González Ortega,9
1,Has a Job or a Business,32054,Villa Hidalgo,4
1,Has a Job or a Business,32055,Villanueva,1
1,Has a Job or a Business,32056,Zacatecas,397
1,Has a Job or a Business,32057,Trancoso,12
2,No,1001,Aguascalientes,6229
2,No,1002,Asientos,359
2,No,1003,Calvillo,387
2,No,1004,Cosío,104
2,No,1005,Jesús María,981
2,No,1006,Pabellón de Arteaga,542
2,No,1007,Rincón de Romos,776
2,No,1008,San José de Gracia,19
2,No,1009,Tepezalá,254
2,No,1010,El Llano,93
2,No,1011,San Francisco de los Romo,453
2,No,2001,Ensenada,1163
2,No,2002,Mexicali,4155
2,No,2003,Tecate,347
2,No,2004,Tijuana,4569
2,No,2005,Playas de Rosarito,286
2,No,3001,Comondú,234
2,No,3002,Mulegé,463
2,No,3003,La Paz,5127
2,No,3008,Los Cabos,1553
2,No,3009,Loreto,79
2,No,4001,Calkiní,384
2,No,4002,Campeche,5145
2,No,4003,Carmen,4904
2,No,4004,Champotón,650
2,No,4005,Hecelchakán,78
2,No,4006,Hopelchén,277
2,No,4007,Palizada,61
2,No,4009,Escárcega,301
2,No,4010,Calakmul,50
2,No,4011,Candelaria,173
2,No,5002,Acuña,223
2,No,5004,Arteaga,143
2,No,5006,Castaños,27
2,No,5007,Cuatro Ciénegas,33
2,No,5009,Francisco I. Madero,123
2,No,5010,Frontera,189
2,No,5011,General Cepeda,57
2,No,5017,Matamoros,570
2,No,5018,Monclova,522
2,No,5020,Múzquiz,500
2,No,5022,Nava,71
2,No,5023,Ocampo,21
2,No,5024,Parras,131
2,No,5025,Piedras Negras,277
2,No,5027,Ramos Arizpe,488
2,No,5028,Sabinas,153
2,No,5030,Saltillo,5253
2,No,5031,San Buenaventura,124
2,No,5033,San Pedro,153
2,No,5035,Torreón,4048
2,No,5036,Viesca,222
2,No,6001,Armería,351
2,No,6002,Colima,3405
2,No,6003,Comala,274
2,No,6004,Coquimatlán,107
2,No,6005,Cuauhtémoc,345
2,No,6007,Manzanillo,1133
2,No,6008,Minatitlán,219
2,No,6009,Tecomán,976
2,No,6010,Villa de Álvarez,2350
2,No,7002,Acala,30
2,No,7003,Acapetahua,43
2,No,7006,Amatenango de la Frontera,118
2,No,7009,Arriaga,74
2,No,7012,Berriozábal,43
2,No,7015,Cacahoatán,23
2,No,7017,Cintalapa,167
2,No,7018,Coapilla,20
2,No,7019,Comitán de Domínguez,184
2,No,7020,La Concordia,76
2,No,7027,Chiapa de Corzo,498
2,No,7031,Chilón,124
2,No,7034,Frontera Comalapa,78
2,No,7036,La Grandeza,55
2,No,7037,Huehuetán,135
2,No,7040,Huixtla,164
2,No,7041,La Independencia,123
2,No,7045,Ixtapangajoya,92
2,No,7048,Juárez,72
2,No,7051,Mapastepec,81
2,No,7052,Las Margaritas,273
2,No,7054,Mazatán,27
2,No,7055,Metapa,44
2,No,7056,Mitontic,80
2,No,7057,Motozintla,68
2,No,7059,Ocosingo,225
2,No,7061,Ocozocoautla de Espinosa,75
2,No,7063,Osumacinta,53
2,No,7065,Palenque,255
2,No,7068,Pichucalco,113
2,No,7069,Pijijiapan,41
2,No,7070,El Porvenir,22
2,No,7071,Villa Comaltitlán,28
2,No,7072,Pueblo Nuevo Solistahuacán,38
2,No,7076,Sabanilla,66
2,No,7077,Salto de Agua,53
2,No,7078,San Cristóbal de las Casas,437
2,No,7080,Siltepec,114
2,No,7086,Suchiapa,49
2,No,7087,Suchiate,88
2,No,7089,Tapachula,5692
2,No,7091,Tapilula,14
2,No,7092,Tecpatán,86
2,No,7096,Tila,108
2,No,7097,Tonalá,195
2,No,7099,La Trinitaria,97
2,No,7101,Tuxtla Gutiérrez,5783
2,No,7102,Tuxtla Chico,122
2,No,7103,Tuzantán,49
2,No,7105,Unión Juárez,165
2,No,7106,Venustiano Carranza,157
2,No,7107,Villa Corzo,230
2,No,7108,Villaflores,90
2,No,7109,Yajalón,36
2,No,7113,Aldama,61
2,No,7114,Benemérito de las Américas,37
2,No,7115,Maravilla Tenejapa,49
2,No,7117,Montecristo de Guerrero,57
2,No,8001,Ahumada,68
2,No,8004,Aquiles Serdán,60
2,No,8005,Ascensión,85
2,No,8007,Balleza,27
2,No,8011,Camargo,67
2,No,8013,Casas Grandes,29
2,No,8014,Coronado,39
2,No,8017,Cuauhtémoc,201
2,No,8019,Chihuahua,5880
2,No,8020,Chínipas,50
2,No,8021,Delicias,212
2,No,8027,Guachochi,107
2,No,8031,Guerrero,13
2,No,8032,Hidalgo del Parral,226
2,No,8033,Huejotitán,34
2,No,8035,Janos,37
2,No,8036,Jiménez,127
2,No,8037,Juárez,4405
2,No,8039,López,22
2,No,8040,Madera,34
2,No,8042,Manuel Benavides,52
2,No,8045,Meoqui,73
2,No,8050,Nuevo Casas Grandes,101
2,No,8052,Ojinaga,21
2,No,8053,Praxedis G. Guerrero,22
2,No,8055,Rosales,62
2,No,8060,Santa Bárbara,161
2,No,8062,Saucillo,170
2,No,9002,Azcapotzalco,434
2,No,9003,Coyoacán,811
2,No,9004,Cuajimalpa de Morelos,291
2,No,9005,Gustavo A. Madero,1229
2,No,9006,Iztacalco,358
2,No,9007,Iztapalapa,1959
2,No,9008,La Magdalena Contreras,315
2,No,9009,Milpa Alta,154
2,No,9010,Álvaro Obregón,972
2,No,9011,Tláhuac,447
2,No,9012,Tlalpan,937
2,No,9013,Xochimilco,592
2,No,9014,Benito Juárez,358
2,No,9015,Cuauhtémoc,522
2,No,9016,Miguel Hidalgo,253
2,No,9017,Venustiano Carranza,436
2,No,10001,Canatlán,166
2,No,10003,Coneto de Comonfort,63
2,No,10004,Cuencamé,84
2,No,10005,Durango,5426
2,No,10006,General Simón Bolívar,28
2,No,10007,Gómez Palacio,2126
2,No,10008,Guadalupe Victoria,91
2,No,10012,Lerdo,632
2,No,10013,Mapimí,141
2,No,10014,Mezquital,12
2,No,10016,Nombre de Dios,149
2,No,10020,Pánuco de Coronado,280
2,No,10021,Peñón Blanco,84
2,No,10022,Poanas,83
2,No,10023,Pueblo Nuevo,69
2,No,10024,Rodeo,54
2,No,10026,San Dimas,47
2,No,10027,San Juan de Guadalupe,95
2,No,10028,San Juan del Río,26
2,No,10032,Santiago Papasquiaro,227
2,No,10035,Tepehuanes,73
2,No,10036,Tlahualilo,94
2,No,10038,Vicente Guerrero,37
2,No,10039,Nuevo Ideal,60
2,No,11001,Abasolo,57
2,No,11002,Acámbaro,177
2,No,11003,San Miguel de Allende,151
2,No,11004,Apaseo el Alto,42
2,No,11005,Apaseo el Grande,71
2,No,11007,Celaya,466
2,No,11008,Manuel Doblado,43
2,No,11009,Comonfort,32
2,No,11011,Cortazar,80
2,No,11013,Doctor Mora,23
2,No,11014,Dolores Hidalgo Cuna de la Independencia Nacional,281
2,No,11015,Guanajuato,175
2,No,11016,Huanímaro,31
2,No,11017,Irapuato,548
2,No,11019,Jerécuaro,110
2,No,11020,León,7800
2,No,11021,Moroleón,13
2,No,11022,Ocampo,57
2,No,11023,Pénjamo,231
2,No,11024,Pueblo Nuevo,44
2,No,11025,Purísima del Rincón,265
2,No,11026,Romita,38
2,No,11027,Salamanca,552
2,No,11028,Salvatierra,147
2,No,11029,San Diego de la Unión,66
2,No,11030,San Felipe,96
2,No,11031,San Francisco del Rincón,303
2,No,11032,San José Iturbide,231
2,No,11033,San Luis de la Paz,281
2,No,11034,Santa Catarina,37
2,No,11035,Santa Cruz de Juventino Rosas,82
2,No,11036,Santiago Maravatío,20
2,No,11037,Silao de la Victoria,57
2,No,11038,Tarandacuao,48
2,No,11039,Tarimoro,62
2,No,11042,Valle de Santiago,190
2,No,11044,Villagrán,52
2,No,11046,Yuriria,73
2,No,12001,Acapulco de Juárez,5071
2,No,12003,Ajuchitlán del Progreso,66
2,No,12006,Apaxtla,22
2,No,12008,Atenango del Río,19
2,No,12010,Atlixtac,11
2,No,12011,Atoyac de Álvarez,39
2,No,12012,Ayutla de los Libres,14
2,No,12013,Azoyú,14
2,No,12015,Buenavista de Cuéllar,22
2,No,12018,Copala,37
2,No,12020,Copanatoyac,14
2,No,12021,Coyuca de Benítez,76
2,No,12022,Coyuca de Catalán,60
2,No,12023,Cuajinicuilapa,23
2,No,12024,Cualác,42
2,No,12025,Cuautepec,22
2,No,12027,Cutzamala de Pinzón,9
2,No,12029,Chilpancingo de los Bravo,252
2,No,12030,Florencio Villarreal,29
2,No,12032,General Heliodoro Castillo,12
2,No,12033,Huamuxtitlán,17
2,No,12034,Huitzuco de los Figueroa,64
2,No,12035,Iguala de la Independencia,221
2,No,12036,Igualapa,18
2,No,12038,Zihuatanejo de Azueta,158
2,No,12041,Malinaltepec,66
2,No,12045,Olinalá,39
2,No,12046,Ometepec,30
2,No,12048,Petatlán,46
2,No,12050,Pungarabato,24
2,No,12051,Quechultenango,11
2,No,12052,San Luis Acatlán,9
2,No,12053,San Marcos,98
2,No,12055,Taxco de Alarcón,94
2,No,12056,Tecoanapa,110
2,No,12057,Técpan de Galeana,78
2,No,12059,Tepecoacuilco de Trujano,63
2,No,12060,Tetipac,38
2,No,12061,Tixtla de Guerrero,71
2,No,12062,Tlacoachistlahuaca,21
2,No,12064,Tlalchapa,30
2,No,12065,Tlalixtaquilla de Maldonado,56
2,No,12066,Tlapa de Comonfort,72
2,No,12069,Xalpatláhuac,19
2,No,12071,Xochistlahuaca,33
2,No,12072,Zapotitlán Tablas,12
2,No,12073,Zirándaro,38
2,No,12074,Zitlala,26
2,No,12078,Cochoapa el Grande,19
2,No,13001,Acatlán,101
2,No,13002,Acaxochitlán,43
2,No,13003,Actopan,16
2,No,13004,Agua Blanca de Iturbide,117
2,No,13006,Alfajayucan,19
2,No,13007,Almoloya,32
2,No,13008,Apan,72
2,No,13010,Atitalaquia,69
2,No,13011,Atlapexco,66
2,No,13012,Atotonilco el Grande,53
2,No,13013,Atotonilco de Tula,120
2,No,13014,Calnali,26
2,No,13016,Cuautepec de Hinojosa,101
2,No,13018,Chapulhuacán,61
2,No,13019,Chilcuautla,14
2,No,13024,Huasca de Ocampo,17
2,No,13025,Huautla,31
2,No,13027,Huehuetla,38
2,No,13028,Huejutla de Reyes,210
2,No,13029,Huichapan,132
2,No,13030,Ixmiquilpan,164
2,No,13031,Jacala de Ledezma,9
2,No,13032,Jaltocán,29
2,No,13036,San Agustín Metzquititlán,48
2,No,13041,Mixquiahuala de Juárez,127
2,No,13046,San Felipe Orizatlán,63
2,No,13047,Pacula,37
2,No,13048,Pachuca de Soto,4159
2,No,13049,Pisaflores,27
2,No,13050,Progreso de Obregón,21
2,No,13051,Mineral de la Reforma,1695
2,No,13052,San Agustín Tlaxiaca,38
2,No,13053,San Bartolo Tutotepec,96
2,No,13054,San Salvador,93
2,No,13055,Santiago de Anaya,78
2,No,13056,Santiago Tulantepec de Lugo Guerrero,41
2,No,13058,Tasquillo,196
2,No,13059,Tecozautla,92
2,No,13061,Tepeapulco,105
2,No,13063,Tepeji del Río de Ocampo,183
2,No,13069,Tizayuca,321
2,No,13070,Tlahuelilpan,61
2,No,13071,Tlahuiltepa,88
2,No,13073,Tlanchinol,177
2,No,13074,Tlaxcoapan,74
2,No,13076,Tula de Allende,221
2,No,13077,Tulancingo de Bravo,189
2,No,13078,Xochiatipan,61
2,No,13081,Zacualtipán de Ángeles,30
2,No,13083,Zempoala,58
2,No,13084,Zimapán,105
2,No,14003,Ahualulco de Mercado,75
2,No,14006,Ameca,22
2,No,14007,San Juanito de Escobedo,24
2,No,14013,Atotonilco el Alto,46
2,No,14015,Autlán de Navarro,57
2,No,14016,Ayotlán,22
2,No,14021,Casimiro Castillo,61
2,No,14022,Cihuatlán,46
2,No,14023,Zapotlán el Grande,88
2,No,14024,Cocula,16
2,No,14027,Cuautitlán de García Barragán,58
2,No,14030,Chapala,162
2,No,14031,Chimaltitán,64
2,No,14032,Chiquilistlán,19
2,No,14035,Encarnación de Díaz,14
2,No,14036,Etzatlán,39
2,No,14037,El Grullo,166
2,No,14038,Guachinango,77
2,No,14039,Guadalajara,3235
2,No,14045,Ixtlahuacán del Río,108
2,No,14046,Jalostotitlán,58
2,No,14047,Jamay,75
2,No,14050,Jocotepec,53
2,No,14053,Lagos de Moreno,36
2,No,14058,Mascota,13
2,No,14059,Mazamitla,21
2,No,14063,Ocotlán,83
2,No,14064,Ojuelos de Jalisco,48
2,No,14065,Pihuamo,34
2,No,14066,Poncitlán,61
2,No,14067,Puerto Vallarta,190
2,No,14070,El Salto,249
2,No,14073,San Juan de los Lagos,117
2,No,14074,San Julián,72
2,No,14081,Santa María de los Ángeles,22
2,No,14083,Tala,91
2,No,14091,Teocaltiche,58
2,No,14093,Tepatitlán de Morelos,135
2,No,14096,Tizapán el Alto,81
2,No,14097,Tlajomulco de Zúñiga,721
2,No,14098,San Pedro Tlaquepaque,1593
2,No,14100,Tomatlán,96
2,No,14101,Tonalá,1321
2,No,14105,Tototlán,146
2,No,14108,Tuxpan,66
2,No,14115,Villa Guerrero,42
2,No,14116,Villa Hidalgo,30
2,No,14119,Zacoalco de Torres,18
2,No,14120,Zapopan,2327
2,No,14121,Zapotiltic,25
2,No,14124,Zapotlanejo,15
2,No,14125,San Ignacio Cerro Gordo,64
2,No,15002,Acolman,188
2,No,15005,Almoloya de Juárez,196
2,No,15007,Amanalco,55
2,No,15010,Apaxco,140
2,No,15011,Atenco,60
2,No,15013,Atizapán de Zaragoza,318
2,No,15014,Atlacomulco,15
2,No,15015,Atlautla,26
2,No,15018,Calimaya,140
2,No,15020,Coacalco de Berriozábal,246
2,No,15021,Coatepec Harinas,142
2,No,15023,Coyotepec,3
2,No,15024,Cuautitlán,77
2,No,15025,Chalco,228
2,No,15026,Chapa de Mota,58
2,No,15028,Chiautla,8
2,No,15029,Chicoloapan,48
2,No,15030,Chiconcuac,9
2,No,15031,Chimalhuacán,468
2,No,15033,Ecatepec de Morelos,1182
2,No,15035,Huehuetoca,59
2,No,15037,Huixquilucan,149
2,No,15039,Ixtapaluca,287
2,No,15040,Ixtapan de la Sal,50
2,No,15044,Jaltenco,4
2,No,15045,Jilotepec,41
2,No,15047,Jiquipilco,187
2,No,15049,Joquicingo,24
2,No,15051,Lerma,347
2,No,15052,Malinalco,63
2,No,15053,Melchor Ocampo,23
2,No,15054,Metepec,930
2,No,15055,Mexicaltzingo,26
2,No,15057,Naucalpan de Juárez,322
2,No,15058,Nezahualcóyotl,513
2,No,15059,Nextlalpan,80
2,No,15060,Nicolás Romero,76
2,No,15062,Ocoyoacac,32
2,No,15067,Otzolotepec,143
2,No,15068,Ozumba,41
2,No,15070,La Paz,95
2,No,15074,San Felipe del Progreso,51
2,No,15076,San Mateo Atenco,334
2,No,15077,San Simón de Guerrero,17
2,No,15079,Soyaniquilpan de Juárez,59
2,No,15081,Tecámac,263
2,No,15082,Tejupilco,29
2,No,15084,Temascalapa,55
2,No,15085,Temascalcingo,61
2,No,15087,Temoaya,123
2,No,15088,Tenancingo,60
2,No,15090,Tenango del Valle,27
2,No,15091,Teoloyucan,13
2,No,15092,Teotihuacán,34
2,No,15099,Texcoco,3
2,No,15100,Tezoyuca,73
2,No,15101,Tianguistenco,83
2,No,15103,Tlalmanalco,19
2,No,15104,Tlalnepantla de Baz,376
2,No,15106,Toluca,3821
2,No,15108,Tultepec,109
2,No,15109,Tultitlán,259
2,No,15111,Villa de Allende,69
2,No,15114,Villa Victoria,27
2,No,15115,Xonacatlán,77
2,No,15118,Zinacantepec,462
2,No,15120,Zumpango,50
2,No,15121,Cuautitlán Izcalli,348
2,No,15122,Valle de Chalco Solidaridad,192
2,No,15123,Luvianos,103
2,No,15124,San José del Rincón,176
2,No,16003,Álvaro Obregón,40
2,No,16006,Apatzingán,33
2,No,16009,Ario,47
2,No,16010,Arteaga,52
2,No,16016,Coeneo,30
2,No,16018,Copándaro,48
2,No,16019,Cotija,32
2,No,16021,Charapan,52
2,No,16022,Charo,18
2,No,16025,Chilchota,69
2,No,16034,Hidalgo,43
2,No,16038,Huetamo,118
2,No,16043,Jacona,28
2,No,16049,Madero,22
2,No,16050,Maravatío,206
2,No,16052,Lázaro Cárdenas,143
2,No,16053,Morelia,4647
2,No,16054,Morelos,27
2,No,16055,Múgica,28
2,No,16056,Nahuatzen,79
2,No,16058,Nuevo Parangaricutiro,17
2,No,16061,Ocampo,83
2,No,16063,Panindícuaro,62
2,No,16064,Parácuaro,67
2,No,16066,Pátzcuaro,172
2,No,16068,Peribán,22
2,No,16069,La Piedad,186
2,No,16071,Puruándiro,40
2,No,16072,Queréndaro,53
2,No,16073,Quiroga,17
2,No,16075,Los Reyes,21
2,No,16076,Sahuayo,57
2,No,16077,San Lucas,39
2,No,16082,Tacámbaro,196
2,No,16083,Tancítaro,10
2,No,16084,Tangamandapio,23
2,No,16085,Tangancícuaro,9
2,No,16086,Tanhuato,48
2,No,16088,Tarímbaro,152
2,No,16090,Tingambato,24
2,No,16092,Tiquicheo de Nicolás Romero,43
2,No,16097,Turicato,20
2,No,16098,Tuxpan,14
2,No,16099,Tuzantla,63
2,No,16102,Uruapan,231
2,No,16105,Vista Hermosa,24
2,No,16106,Yurécuaro,63
2,No,16107,Zacapu,117
2,No,16108,Zamora,152
2,No,16110,Zinapécuaro,25
2,No,16111,Ziracuaretiro,34
2,No,16112,Zitácuaro,126
2,No,17001,Amacuzac,37
2,No,17002,Atlatlahucan,38
2,No,17003,Axochiapan,172
2,No,17004,Ayala,278
2,No,17005,Coatlán del Río,63
2,No,17006,Cuautla,610
2,No,17007,Cuernavaca,2662
2,No,17008,Emiliano Zapata,613
2,No,17009,Huitzilac,88
2,No,17010,Jantetelco,66
2,No,17011,Jiutepec,1755
2,No,17012,Jojutla,246
2,No,17013,Jonacatepec de Leandro Valle,59
2,No,17015,Miacatlán,65
2,No,17016,Ocuituco,74
2,No,17017,Puente de Ixtla,325
2,No,17018,Temixco,816
2,No,17019,Tepalcingo,118
2,No,17020,Tepoztlán,101
2,No,17021,Tetecala,17
2,No,17022,Tetela del Volcán,35
2,No,17024,Tlaltizapán de Zapata,214
2,No,17025,Tlaquiltenango,116
2,No,17027,Totolapan,66
2,No,17028,Xochitepec,390
2,No,17029,Yautepec,630
2,No,17030,Yecapixtla,51
2,No,17031,Zacatepec,169
2,No,17032,Zacualpan de Amilpas,93
2,No,17033,Temoac,77
2,No,18001,Acaponeta,137
2,No,18002,Ahuacatlán,56
2,No,18004,Compostela,107
2,No,18006,Ixtlán del Río,45
2,No,18008,Xalisco,316
2,No,18009,Del Nayar,71
2,No,18010,Rosamorada,122
2,No,18011,Ruíz,110
2,No,18012,San Blas,107
2,No,18013,San Pedro Lagunillas,23
2,No,18014,Santa María del Oro,39
2,No,18015,Santiago Ixcuintla,280
2,No,18016,Tecuala,76
2,No,18017,Tepic,3595
2,No,18018,Tuxpan,47
2,No,18019,La Yesca,31
2,No,18020,Bahía de Banderas,227
2,No,19006,Apodaca,1144
2,No,19007,Aramberri,22
2,No,19008,Bustamante,79
2,No,19009,Cadereyta Jiménez,333
2,No,19010,El Carmen,7
2,No,19014,Doctor Arroyo,180
2,No,19017,Galeana,72
2,No,19018,García,299
2,No,19019,San Pedro Garza García,147
2,No,19020,General Bravo,54
2,No,19021,General Escobedo,796
2,No,19022,General Terán,45
2,No,19025,General Zuazua,233
2,No,19026,Guadalupe,1516
2,No,19027,Los Herreras,61
2,No,19029,Hualahuises,66
2,No,19031,Juárez,393
2,No,19033,Linares,259
2,No,19034,Marín,62
2,No,19038,Montemorelos,168
2,No,19039,Monterrey,2056
2,No,19042,Los Ramones,62
2,No,19044,Sabinas Hidalgo,162
2,No,19045,Salinas Victoria,257
2,No,19046,San Nicolás de los Garza,1114
2,No,19047,Hidalgo,199
2,No,19048,Santa Catarina,703
2,No,19049,Santiago,163
2,No,20002,Acatlán de Pérez Figueroa,105
2,No,20006,Asunción Nochixtlán,11
2,No,20008,Asunción Tlacolulita,18
2,No,20009,Ayotzintepec,55
2,No,20010,El Barrio de la Soledad,50
2,No,20014,Ciudad Ixtepec,41
2,No,20023,Cuilápam de Guerrero,57
2,No,20025,Chahuites,69
2,No,20026,Chalcatongo de Hidalgo,27
2,No,20039,Heroica Ciudad de Huajuapan de León,205
2,No,20041,Huautla de Jiménez,71
2,No,20043,Juchitán de Zaragoza,210
2,No,20044,Loma Bonita,75
2,No,20045,Magdalena Apasco,62
2,No,20046,Magdalena Jaltepec,37
2,No,20051,Magdalena Teitipac,41
2,No,20059,Miahuatlán de Porfirio Díaz,125
2,No,20066,Santiago Niltepec,17
2,No,20067,Oaxaca de Juárez,2840
2,No,20068,Ocotlán de Morelos,23
2,No,20073,Putla Villa de Guerrero,114
2,No,20076,La Reforma,8
2,No,20079,Salina Cruz,75
2,No,20083,San Agustín de las Juntas,156
2,No,20087,San Agustín Yatareni,33
2,No,20091,San Andrés Huayápam,33
2,No,20098,San Andrés Teotilálpam,22
2,No,20105,San Antonino Monte Verde,11
2,No,20107,San Antonio de la Cal,222
2,No,20115,San Bartolo Coyotepec,51
2,No,20118,San Bartolomé Quialana,17
2,No,20124,San Blas Atempa,16
2,No,20134,San Felipe Jalapa de Díaz,37
2,No,20138,San Francisco Cajonos,48
2,No,20141,San Francisco del Mar,29
2,No,20157,San Jacinto Amilpas,163
2,No,20161,San Jerónimo Sosola,18
2,No,20174,Ánimas Trujano,23
2,No,20184,San Juan Bautista Tuxtepec,379
2,No,20187,San Juan Coatzóspam,17
2,No,20188,San Juan Colorado,60
2,No,20190,San Juan Cotzocón,12
2,No,20198,San Juan Guichicovi,27
2,No,20199,San Juan Ihualtepec,49
2,No,20200,San Juan Juquila Mixes,74
2,No,20201,San Juan Juquila Vijanos,46
2,No,20202,San Juan Lachao,50
2,No,20205,San Juan Lalana,21
2,No,20210,San Juan Ñumí,19
2,No,20211,San Juan Ozolotepec,22
2,No,20214,San Juan Quiotepec,36
2,No,20217,San Juan Tamazola,13
2,No,20225,San Lorenzo,21
2,No,20227,San Lorenzo Cacaotepec,108
2,No,20243,San Martín Tilcajete,12
2,No,20245,San Martín Zacatepec,32
2,No,20249,San Mateo Yoloxochitlán,32
2,No,20255,San Mateo Sindihui,23
2,No,20263,San Miguel Coatlán,8
2,No,20266,San Miguel del Puerto,33
2,No,20277,Villa Sola de Vega,51
2,No,20278,San Miguel Soyaltepec,39
2,No,20293,San Pablo Etla,136
2,No,20295,San Pablo Huixtepec,57
2,No,20296,San Pablo Macuiltianguis,30
2,No,20302,San Pedro Atoyac,60
2,No,20309,San Pedro Ixcatlán,21
2,No,20312,San Pedro Jicayán,59
2,No,20318,San Pedro Mixtepec,40
2,No,20324,San Pedro Pochutla,73
2,No,20334,Villa de Tututepec,53
2,No,20348,San Sebastián Tecomaxtlahuaca,53
2,No,20350,San Sebastián Tutla,127
2,No,20364,Santa Catarina Juquila,43
2,No,20365,Santa Catarina Lachatao,8
2,No,20375,Santa Cruz Amilpas,92
2,No,20377,Santa Cruz Itundujia,52
2,No,20381,Santa Cruz Tacache de Mina,41
2,No,20385,Santa Cruz Xoxocotlán,588
2,No,20390,Santa Lucía del Camino,561
2,No,20394,Santa María Alotepec,51
2,No,20396,Santa María la Asunción,21
2,No,20397,Heroica Ciudad de Tlaxiaco,29
2,No,20399,Santa María Atzompa,196
2,No,20401,Santa María Colotepec,68
2,No,20403,Santa María Coyotepec,13
2,No,20406,Santa María Chilchotla,22
2,No,20409,Santa María del Tule,72
2,No,20412,Santa María Guienagati,30
2,No,20418,Santa María Jalapa del Marqués,58
2,No,20435,Santa María Tepantlali,9
2,No,20441,Santa María Xadani,27
2,No,20460,Santiago Choápam,25
2,No,20466,Santiago Ixtayutla,51
2,No,20467,Santiago Jamiltepec,20
2,No,20469,Santiago Juxtlahuaca,17
2,No,20482,Santiago Pinotepa Nacional,102
2,No,20491,Santiago Textitlán,42
2,No,20497,Santiago Yaitepec,17
2,No,20505,Santo Domingo Ingenio,37
2,No,20515,Santo Domingo Tehuantepec,40
2,No,20519,Santo Domingo Tomaltepec,13
2,No,20520,Santo Domingo Tonalá,31
2,No,20525,Santo Domingo Zanatepec,29
2,No,20539,Soledad Etla,22
2,No,20543,Tataltepec de Valdés,56
2,No,20546,Teotitlán del Valle,17
2,No,20549,"Heroica Villa Tezoatlán de Segura y Luna, Cuna de la Independencia de Oaxaca",17
2,No,20551,Tlacolula de Matamoros,35
2,No,20553,Tlalixtac de Cabrera,103
2,No,20559,San Juan Bautista Valle Nacional,64
2,No,20560,Villa Díaz Ordaz,17
2,No,20565,Villa de Zaachila,87
2,No,20570,Zimatlán de Álvarez,65
2,No,21004,Acatzingo,82
2,No,21015,Amozoc,414
2,No,21018,Atexcal,24
2,No,21019,Atlixco,45
2,No,21026,Calpan,51
2,No,21031,Coatzingo,12
2,No,21034,Coronango,129
2,No,21041,Cuautlancingo,311
2,No,21042,Cuayuca de Andrade,16
2,No,21044,Cuyoaco,22
2,No,21045,Chalchicomula de Sesma,17
2,No,21051,Chietla,34
2,No,21053,Chignahuapan,35
2,No,21054,Chignautla,29
2,No,21058,Chilchotla,87
2,No,21061,Eloxochitlán,15
2,No,21062,Epatlán,30
2,No,21063,Esperanza,23
2,No,21069,Huaquechula,10
2,No,21070,Huatlatlauca,13
2,No,21071,Huauchinango,96
2,No,21074,Huejotzingo,141
2,No,21078,Huitzilan de Serdán,38
2,No,21079,Huitziltepec,67
2,No,21083,Ixtacamaxtitlán,45
2,No,21084,Ixtepec,78
2,No,21085,Izúcar de Matamoros,33
2,No,21087,Jolalpan,28
2,No,21090,Juan C. Bonilla,112
2,No,21094,Libres,127
2,No,21100,Naupan,14
2,No,21102,Nealtican,64
2,No,21106,Ocoyucan,29
2,No,21110,Palmar de Bravo,26
2,No,21111,Pantepec,65
2,No,21113,Piaxtla,12
2,No,21114,Puebla,5831
2,No,21115,Quecholac,59
2,No,21119,San Andrés Cholula,277
2,No,21125,San Gregorio Atzompa,35
2,No,21129,San José Miahuatlán,69
2,No,21132,San Martín Texmelucan,254
2,No,21136,San Miguel Xoxtla,40
2,No,21138,San Nicolás de los Ranchos,17
2,No,21140,San Pedro Cholula,382
2,No,21141,San Pedro Yeloixtlahuaca,26
2,No,21143,San Salvador el Verde,24
2,No,21145,San Sebastián Tlacotepec,24
2,No,21154,Tecamachalco,99
2,No,21156,Tehuacán,197
2,No,21157,Tehuitzingo,26
2,No,21160,Teotlalco,35
2,No,21161,Tepanco de López,24
2,No,21163,Tepatlaxco de Hidalgo,53
2,No,21164,Tepeaca,15
2,No,21169,Tepexi de Rodríguez,22
2,No,21170,Tepeyahualco,34
2,No,21172,Tetela de Ocampo,30
2,No,21174,Teziutlán,43
2,No,21175,Tianguismanalco,40
2,No,21176,Tilapa,40
2,No,21179,Tlachichuca,80
2,No,21180,Tlahuapan,38
2,No,21185,Tlapanalá,47
2,No,21186,Tlatlauquitepec,50
2,No,21188,Tochimilco,22
2,No,21189,Tochtepec,57
2,No,21197,Xicotepec,88
2,No,21199,Xiutetelco,22
2,No,21202,Xochitlán de Vicente Suárez,57
2,No,21205,Yehualtepec,89
2,No,21206,Zacapala,20
2,No,21208,Zacatlán,27
2,No,21212,Zautla,38
2,No,21214,Zinacatepec,20
2,No,22001,Amealco de Bonfil,363
2,No,22002,Pinal de Amoles,193
2,No,22003,Arroyo Seco,27
2,No,22004,Cadereyta de Montes,244
2,No,22005,Colón,139
2,No,22006,Corregidora,1319
2,No,22007,Ezequiel Montes,127
2,No,22008,Huimilpan,59
2,No,22009,Jalpan de Serra,160
2,No,22011,El Marqués,475
2,No,22012,Pedro Escobedo,359
2,No,22013,Peñamiller,123
2,No,22014,Querétaro,6221
2,No,22016,San Juan del Río,1048
2,No,22017,Tequisquiapan,159
2,No,22018,Tolimán,84
2,No,23001,Cozumel,455
2,No,23002,Felipe Carrillo Puerto,380
2,No,23003,Isla Mujeres,60
2,No,23004,Othón P. Blanco,1054
2,No,23005,Benito Juárez,3735
2,No,23006,José María Morelos,349
2,No,23007,Lázaro Cárdenas,80
2,No,23008,Solidaridad,647
2,No,23009,Tulum,94
2,No,23010,Bacalar,266
2,No,23011,Puerto Morelos,61
2,No,24001,Ahualulco,47
2,No,24005,Cárdenas,39
2,No,24006,Catorce,101
2,No,24007,Cedral,40
2,No,24008,Cerritos,34
2,No,24009,Cerro de San Pedro,43
2,No,24010,Ciudad del Maíz,50
2,No,24011,Ciudad Fernández,44
2,No,24012,Tancanhuitz,52
2,No,24013,Ciudad Valles,307
2,No,24014,Coxcatlán,62
2,No,24015,Charcas,60
2,No,24016,Ebano,169
2,No,24017,Guadalcázar,119
2,No,24018,Huehuetlán,19
2,No,24020,Matehuala,173
2,No,24021,Mexquitic de Carmona,57
2,No,24023,Rayón,58
2,No,24024,Rioverde,122
2,No,24025,Salinas,117
2,No,24026,San Antonio,24
2,No,24028,San Luis Potosí,5060
2,No,24029,San Martín Chalchicuautla,64
2,No,24031,Santa Catarina,26
2,No,24032,Santa María del Río,64
2,No,24033,Santo Domingo,26
2,No,24034,San Vicente Tancuayalab,47
2,No,24035,Soledad de Graciano Sánchez,1895
2,No,24036,Tamasopo,19
2,No,24037,Tamazunchale,242
2,No,24038,Tampacán,38
2,No,24039,Tampamolón Corona,34
2,No,24040,Tamuín,69
2,No,24041,Tanlajás,73
2,No,24042,Tanquián de Escobedo,26
2,No,24044,Vanegas,17
2,No,24045,Venado,16
2,No,24046,Villa de Arriaga,52
2,No,24049,Villa de Ramos,58
2,No,24050,Villa de Reyes,43
2,No,24051,Villa Hidalgo,20
2,No,24052,Villa Juárez,25
2,No,24053,Axtla de Terrazas,20
2,No,24054,Xilitla,14
2,No,24055,Zaragoza,32
2,No,24057,Matlapa,15
2,No,24058,El Naranjo,72
2,No,25001,Ahome,700
2,No,25002,Angostura,53
2,No,25005,Cosalá,46
2,No,25006,Culiacán,4946
2,No,25007,Choix,194
2,No,25008,Elota,56
2,No,25009,Escuinapa,48
2,No,25010,El Fuerte,81
2,No,25011,Guasave,432
2,No,25012,Mazatlán,564
2,No,25013,Mocorito,210
2,No,25014,Rosario,58
2,No,25015,Salvador Alvarado,126
2,No,25016,San Ignacio,43
2,No,25018,Navolato,245
2,No,26002,Agua Prieta,234
2,No,26009,Bacanora,59
2,No,26012,Bácum,48
2,No,26017,Caborca,106
2,No,26018,Cajeme,659
2,No,26019,Cananea,92
2,No,26025,Empalme,81
2,No,26026,Etchojoa,170
2,No,26029,Guaymas,349
2,No,26030,Hermosillo,4808
2,No,26033,Huatabampo,258
2,No,26035,Imuris,71
2,No,26038,Moctezuma,66
2,No,26042,Navojoa,216
2,No,26043,Nogales,265
2,No,26048,Puerto Peñasco,91
2,No,26051,Rosario,28
2,No,26055,San Luis Río Colorado,390
2,No,26060,Sáric,55
2,No,26066,Ures,20
2,No,26067,Villa Hidalgo,20
2,No,26069,Yécora,22
2,No,26072,San Ignacio Río Muerto,20
2,No,27001,Balancán,66
2,No,27002,Cárdenas,465
2,No,27003,Centla,297
2,No,27004,Centro,5636
2,No,27005,Comalcalco,754
2,No,27006,Cunduacán,490
2,No,27007,Emiliano Zapata,80
2,No,27008,Huimanguillo,743
2,No,27009,Jalapa,148
2,No,27010,Jalpa de Méndez,150
2,No,27011,Jonuta,33
2,No,27012,Macuspana,952
2,No,27013,Nacajuca,933
2,No,27014,Paraíso,245
2,No,27015,Tacotalpa,41
2,No,27017,Tenosique,31
2,No,28001,Abasolo,45
2,No,28002,Aldama,14
2,No,28003,Altamira,1156
2,No,28005,Burgos,11
2,No,28008,Casas,16
2,No,28009,Ciudad Madero,1353
2,No,28010,Cruillas,18
2,No,28012,González,112
2,No,28013,Güémez,55
2,No,28015,Gustavo Díaz Ordaz,35
2,No,28017,Jaumave,99
2,No,28018,Jiménez,59
2,No,28019,Llera,78
2,No,28021,El Mante,285
2,No,28022,Matamoros,767
2,No,28024,Mier,8
2,No,28025,Miguel Alemán,34
2,No,28026,Miquihuana,14
2,No,28027,Nuevo Laredo,728
2,No,28029,Ocampo,38
2,No,28031,Palmillas,48
2,No,28032,Reynosa,4419
2,No,28033,Río Bravo,156
2,No,28036,San Nicolás,59
2,No,28037,Soto la Marina,24
2,No,28038,Tampico,2050
2,No,28039,Tula,14
2,No,28040,Valle Hermoso,219
2,No,28041,Victoria,535
2,No,28043,Xicoténcatl,149
2,No,29001,Amaxac de Guerrero,68
2,No,29002,Apetatitlán de Antonio Carvajal,171
2,No,29003,Atlangatepec,25
2,No,29004,Atltzayanca,67
2,No,29005,Apizaco,527
2,No,29006,Calpulalpan,319
2,No,29008,Cuapiaxtla,55
2,No,29009,Cuaxomulco,57
2,No,29010,Chiautempan,444
2,No,29012,Españita,33
2,No,29013,Huamantla,528
2,No,29014,Hueyotlipan,123
2,No,29015,Ixtacuixtla de Mariano Matamoros,121
2,No,29016,Ixtenco,43
2,No,29017,Mazatecochco de José María Morelos,92
2,No,29018,Contla de Juan Cuamatzi,310
2,No,29019,Tepetitla de Lardizábal,28
2,No,29020,Sanctórum de Lázaro Cárdenas,28
2,No,29021,Nanacamilpa de Mariano Arista,195
2,No,29022,Acuamanala de Miguel Hidalgo,42
2,No,29023,Natívitas,124
2,No,29024,Panotla,108
2,No,29025,San Pablo del Monte,586
2,No,29026,Santa Cruz Tlaxcala,186
2,No,29027,Tenancingo,126
2,No,29028,Teolocholco,187
2,No,29029,Tepeyanco,160
2,No,29030,Terrenate,71
2,No,29031,Tetla de la Solidaridad,305
2,No,29032,Tetlatlahuca,52
2,No,29033,Tlaxcala,698
2,No,29034,Tlaxco,375
2,No,29035,Tocatlán,110
2,No,29036,Totolac,75
2,No,29037,Ziltlaltépec de Trinidad Sánchez Santos,97
2,No,29038,Tzompantepec,153
2,No,29039,Xaloztoc,132
2,No,29040,Xaltocan,81
2,No,29041,Papalotla de Xicohténcatl,253
2,No,29042,Xicohtzinco,163
2,No,29043,Yauhquemehcan,285
2,No,29044,Zacatelco,287
2,No,29045,Benito Juárez,58
2,No,29046,Emiliano Zapata,57
2,No,29047,Lázaro Cárdenas,50
2,No,29048,La Magdalena Tlaltelulco,56
2,No,29049,San Damián Texóloc,46
2,No,29050,San Francisco Tetlanohcan,117
2,No,29051,San Jerónimo Zacualpan,32
2,No,29052,San José Teacalco,59
2,No,29053,San Juan Huactzinco,36
2,No,29054,San Lorenzo Axocomanitla,69
2,No,29055,San Lucas Tecopilco,59
2,No,29056,Santa Ana Nopalucan,25
2,No,29057,Santa Apolonia Teacalco,9
2,No,29058,Santa Catarina Ayometla,33
2,No,29059,Santa Cruz Quilehtla,44
2,No,29060,Santa Isabel Xiloxoxtla,45
2,No,30003,Acayucan,97
2,No,30011,Alvarado,87
2,No,30013,Naranjos Amatlán,42
2,No,30014,Amatlán de los Reyes,15
2,No,30015,Angel R. Cabada,94
2,No,30016,La Antigua,18
2,No,30020,Atlahuilco,25
2,No,30021,Atoyac,27
2,No,30023,Atzalan,18
2,No,30024,Tlaltetela,12
2,No,30026,Banderilla,3
2,No,30028,Boca del Río,911
2,No,30030,Camerino Z. Mendoza,51
2,No,30032,Catemaco,136
2,No,30033,Cazones de Herrera,38
2,No,30034,Cerro Azul,12
2,No,30035,Citlaltépetl,71
2,No,30038,Coatepec,111
2,No,30039,Coatzacoalcos,5119
2,No,30040,Coatzintla,10
2,No,30044,Córdoba,106
2,No,30047,Coscomatepec,53
2,No,30048,Cosoleacaque,143
2,No,30049,Cotaxtla,27
2,No,30052,Cuichapa,30
2,No,30053,Cuitláhuac,95
2,No,30055,Chalma,26
2,No,30058,Chicontepec,22
2,No,30060,Chinampa de Gorostiza,42
2,No,30061,Las Choapas,73
2,No,30065,Emiliano Zapata,35
2,No,30066,Espinal,43
2,No,30068,Fortín,5
2,No,30071,Huatusco,61
2,No,30079,Ixhuacán de los Reyes,41
2,No,30082,Ixhuatlán del Sureste,88
2,No,30083,Ixhuatlán de Madero,65
2,No,30085,Ixtaczoquitlán,5
2,No,30086,Jalacingo,83
2,No,30087,Xalapa,158
2,No,30089,Jáltipan,18
2,No,30091,Jesús Carranza,20
2,No,30092,Xico,101
2,No,30094,Juan Rodríguez Clara,43
2,No,30097,Lerdo de Tejada,50
2,No,30099,Maltrata,14
2,No,30101,Mariano Escobedo,8
2,No,30102,Martínez de la Torre,161
2,No,30103,Mecatlán,47
2,No,30104,Mecayapan,71
2,No,30105,Medellín de Bravo,96
2,No,30108,Minatitlán,61
2,No,30109,Misantla,35
2,No,30113,Naranjal,60
2,No,30115,Nogales,69
2,No,30118,Orizaba,69
2,No,30121,Ozuluama de Mascareñas,66
2,No,30122,Pajapan,64
2,No,30123,Pánuco,84
2,No,30124,Papantla,22
2,No,30126,Paso de Ovejas,67
2,No,30128,Perote,25
2,No,30130,Playa Vicente,64
2,No,30131,Poza Rica de Hidalgo,95
2,No,30133,Pueblo Viejo,205
2,No,30135,Rafael Delgado,40
2,No,30136,Rafael Lucio,21
2,No,30138,Río Blanco,23
2,No,30141,San Andrés Tuxtla,169
2,No,30142,San Juan Evangelista,51
2,No,30144,Sayula de Alemán,19
2,No,30145,Soconusco,61
2,No,30148,Soledad de Doblado,25
2,No,30149,Soteapan,84
2,No,30150,Tamalín,32
2,No,30160,Álamo Temapache,180
2,No,30161,Tempoal,38
2,No,30171,Texhuacán,44
2,No,30173,Tezonapa,57
2,No,30174,Tierra Blanca,79
2,No,30175,Tihuatlán,126
2,No,30180,Tlachichilco,19
2,No,30181,Tlalixcoyan,29
2,No,30182,Tlalnelhuayocan,2
2,No,30183,Tlapacoyan,84
2,No,30189,Tuxpan,48
2,No,30191,Ursulo Galván,25
2,No,30193,Veracruz,3515
2,No,30201,Zongolica,81
2,No,30204,Agua Dulce,54
2,No,30206,Nanchital de Lázaro Cárdenas del Río,18
2,No,30208,Carlos A. Carrillo,53
2,No,30212,Santiago Sochiapan,55
2,No,31002,Acanceh,45
2,No,31004,Baca,19
2,No,31007,Cacalchén,20
2,No,31008,Calotmul,12
2,No,31010,Cantamayec,14
2,No,31011,Celestún,41
2,No,31014,Cuncunul,22
2,No,31021,Chichimilá,23
2,No,31024,Chumayel,10
2,No,31026,Dzemul,21
2,No,31027,Dzidzantún,77
2,No,31029,Dzilam González,17
2,No,31031,Dzoncauich,19
2,No,31032,Espita,49
2,No,31033,Halachó,126
2,No,31035,Hoctún,65
2,No,31037,Huhí,48
2,No,31038,Hunucmá,16
2,No,31040,Izamal,68
2,No,31041,Kanasín,322
2,No,31048,Maxcanú,24
2,No,31049,Mayapán,17
2,No,31050,Mérida,3624
2,No,31051,Mocochá,16
2,No,31052,Motul,49
2,No,31054,Muxupip,43
2,No,31056,Oxkutzcab,77
2,No,31058,Peto,22
2,No,31059,Progreso,273
2,No,31060,Quintana Roo,17
2,No,31061,Río Lagartos,24
2,No,31063,Samahil,25
2,No,31065,San Felipe,21
2,No,31067,Seyé,42
2,No,31070,Sucilá,36
2,No,31073,Tahdziú,22
2,No,31079,Tekax,111
2,No,31084,Temax,14
2,No,31085,Temozón,16
2,No,31086,Tepakán,29
2,No,31087,Tetiz,24
2,No,31089,Ticul,147
2,No,31091,Tinum,43
2,No,31093,Tixkokob,36
2,No,31094,Tixmehuac,13
2,No,31095,Tixpéhual,25
2,No,31096,Tizimín,280
2,No,31101,Umán,127
2,No,31102,Valladolid,185
2,No,31103,Xocchel,23
2,No,31104,Yaxcabá,19
2,No,31105,Yaxkukul,41
2,No,32003,Atolinga,63
2,No,32004,Benito Juárez,52
2,No,32005,Calera,133
2,No,32006,Cañitas de Felipe Pescador,143
2,No,32007,Concepción del Oro,21
2,No,32010,Fresnillo,770
2,No,32011,Trinidad García de la Cadena,32
2,No,32014,General Francisco R. Murguía,48
2,No,32016,General Pánfilo Natera,81
2,No,32017,Guadalupe,2191
2,No,32019,Jalpa,137
2,No,32020,Jerez,158
2,No,32023,Juchipila,53
2,No,32024,Loreto,349
2,No,32025,Luis Moya,17
2,No,32026,Mazapil,38
2,No,32028,Mezquital del Oro,14
2,No,32029,Miguel Auza,75
2,No,32031,Monte Escobedo,95
2,No,32032,Morelos,122
2,No,32034,Nochistlán de Mejía,104
2,No,32035,Noria de Ángeles,38
2,No,32036,Ojocaliente,186
2,No,32038,Pinos,324
2,No,32039,Río Grande,166
2,No,32042,Sombrerete,141
2,No,32046,Tepetongo,33
2,No,32048,Tlaltenango de Sánchez Román,42
2,No,32049,Valparaíso,119
2,No,32050,Vetagrande,23
2,No,32051,Villa de Cos,186
2,No,32052,Villa García,45
2,No,32053,Villa González Ortega,133
2,No,32054,Villa Hidalgo,51
2,No,32055,Villanueva,12
2,No,32056,Zacatecas,2946
2,No,32057,Trancoso,77
